Id;Name;IdCountry
1;Southern Nations, Nationalities, and Peoples';70
2;Somali;70
3;Amhara;70
4;Tigray;70
5;Oromia;70
6;Afar;70
7;Harari;70
8;Dire Dawa;70
9;Benishangul-Gumuz;70
10;Gambela;70
11;Addis Ababa;70
12;Petnjica;147
13;Bar;147
14;Danilovgrad;147
15;Rožaje;147
16;Plužine;147
17;Nikšić;147
18;Šavnik;147
19;Plav;147
20;Pljevlja;147
21;Berane;147
22;Mojkovac;147
23;Andrijevica;147
24;Gusinje;147
25;Bijelo Polje;147
26;Kotor;147
27;Podgorica;147
28;Old Royal Capital Cetinje;147
29;Tivat;147
30;Budva;147
31;Kolašin;147
32;Žabljak;147
33;Ulcinj;147
34;Kunene;152
35;Kavango West;152
36;Kavango East;152
37;Oshana;152
38;Hardap;152
39;Omusati;152
40;Ohangwena;152
41;Omaheke;152
42;Oshikoto;152
43;Erongo;152
44;Khomas;152
45;Karas;152
46;Otjozondjupa;152
47;Zambezi;152
48;Ashanti;83
49;Western;83
50;Eastern;83
51;Northern;83
52;Central;83
53;Brong-Ahafo;83
54;Greater Accra;83
55;Upper East;83
56;Volta;83
57;Upper West;83
58;San Marino;192
59;Acquaviva;192
60;Chiesanuova;192
61;Borgo Maggiore;192
62;Faetano;192
63;Montegiardino;192
64;Domagnano;192
65;Serravalle;192
66;Fiorentino;192
67;Tillabéri;160
68;Dosso;160
69;Zinder;160
70;Maradi;160
71;Agadez;160
72;Diffa;160
73;Tahoua;160
74;Mqabba;135
75;San Ġwann;135
76;Żurrieq;135
77;Luqa;135
78;Marsaxlokk;135
79;Qala;135
80;Żebbuġ Malta;135
81;Xgħajra;135
82;Kirkop;135
83;Rabat;135
84;Floriana;135
85;Żebbuġ Gozo;135
86;Swieqi;135
87;Saint Lawrence;135
88;Birżebbuġa;135
89;Mdina;135
90;Santa Venera;135
91;Kerċem;135
92;Għarb;135
93;Iklin;135
94;Santa Luċija;135
95;Valletta;135
96;Msida;135
97;Birkirkara;135
98;Siġġiewi;135
99;Kalkara;135
100;St. Julian's;135
101;Victoria;135
102;Mellieħa;135
103;Tarxien;135
104;Sliema;135
105;Ħamrun;135
106;Għasri;135
107;Birgu;135
108;Balzan;135
109;Mġarr;135
110;Attard;135
111;Qrendi;135
112;Naxxar;135
113;Gżira;135
114;Xagħra;135
115;Paola;135
116;Sannat;135
117;Dingli;135
118;Gudja;135
119;Qormi;135
120;Għargħur;135
121;Xewkija;135
122;Ta' Xbiex;135
123;Żabbar;135
124;Għaxaq;135
125;Pembroke;135
126;Lija;135
127;Pietà;135
128;Marsa;135
129;Fgura;135
130;Għajnsielem;135
131;Mtarfa;135
132;Munxar;135
133;Nadur;135
134;Fontana;135
135;Żejtun;135
136;Senglea;135
137;Marsaskala;135
138;Cospicua;135
139;St. Paul's Bay;135
140;Mosta;135
141;Mangystau;112
142;Kyzylorda;112
143;Almaty;112
144;North Kazakhstan;112
145;Akmola;112
146;Pavlodar;112
147;Jambyl;112
148;West Kazakhstan;112
149;Turkestan;112
150;Karaganda;112
151;Aktobe;112
152;Almaty;112
153;Atyrau;112
154;East Kazakhstan;112
155;Baikonur;112
156;Nur-Sultan;112
157;Kostanay;112
158;Kakamega;113
159;Kisii;113
160;Central;113
161;Busia;113
162;North Eastern;113
163;Embu;113
164;Laikipia;113
165;Nandi;113
166;Lamu;113
167;Kirinyaga;113
168;Bungoma;113
169;Uasin Gishu;113
170;Isiolo;113
171;Kisumu;113
172;Coast;113
173;Kwale;113
174;Kilifi;113
175;Narok;113
176;Taita–Taveta;113
177;Western;113
178;Muranga;113
179;Rift Valley;113
180;Nyeri;113
181;Baringo;113
182;Wajir;113
183;Trans-Nzoia;113
184;Machakos;113
185;Tharaka Nithi;113
186;Siaya;113
187;Mandera;113
188;Makueni;113
189;Eastern;113
190;Migori;113
191;Nairobi;113
192;Nyandarua;113
193;Kericho;113
194;Marsabit;113
195;Homa Bay;113
196;Garissa;113
197;Kajiado;113
198;Meru;113
199;Kiambu;113
200;Mombasa;113
201;Elgeyo-Marakwet;113
202;Vihiga;113
203;Nakuru;113
204;Nyanza;113
205;Tana River;113
206;Turkana;113
207;Samburu;113
208;West Pokot;113
209;Nyamira;113
210;Bomet;113
211;Kitui;113
212;Bié;7
213;Huambo;7
214;Zaire;7
215;Cunene;7
216;Cuanza Sul;7
217;Cuanza Norte;7
218;Benguela;7
219;Moxico;7
220;Lunda Sul;7
221;Bengo;7
222;Luanda;7
223;Lunda Norte;7
224;Uíge;7
225;Huíla;7
226;Cuando Cubango;7
227;Malanje;7
228;Cabinda;7
229;Gasa;26
230;Tsirang;26
231;Wangdue Phodrang;26
232;Haa;26
233;Zhemgang;26
234;Lhuntse;26
235;Punakha;26
236;Trashigang;26
237;Paro;26
238;Dagana;26
239;Chukha;26
240;Bumthang;26
241;Thimphu;26
242;Mongar;26
243;Samdrup Jongkhar;26
244;Pemagatshel;26
245;Trongsa;26
246;Samtse;26
247;Sarpang;26
248;Tombouctou;134
249;Ségou;134
250;Koulikoro;134
251;Ménaka;134
252;Kayes;134
253;Bamako;134
254;Sikasso;134
255;Mopti;134
256;Taoudénit;134
257;Kidal;134
258;Gao;134
259;Southern;183
260;Western;183
261;Eastern;183
262;Kigali;183
263;Northern;183
264;Belize;23
265;Stann Creek;23
266;Corozal;23
267;Toledo;23
268;Orange Walk;23
269;Cayo;23
270;Príncipe;193
271;São Tomé;193
272;Havana;56
273;Santiago de Cuba;56
274;Sancti Spíritus;56
275;Granma;56
276;Mayabeque;56
277;Pinar del Río;56
278;Isla de la Juventud;56
279;Holguín;56
280;Villa Clara;56
281;Las Tunas;56
282;Ciego de Ávila;56
283;Artemisa;56
284;Matanzas;56
285;Guantánamo;56
286;Camagüey;56
287;Cienfuegos;56
288;Jigawa;161
289;Enugu;161
290;Kebbi;161
291;Benue;161
292;Sokoto;161
293;Federal Capital Territory;161
294;Kaduna;161
295;Kwara;161
296;Oyo;161
297;Yobe;161
298;Kogi;161
299;Zamfara;161
300;Kano;161
301;Nasarawa;161
302;Plateau;161
303;Abia;161
304;Akwa Ibom;161
305;Bayelsa;161
306;Lagos;161
307;Borno;161
308;Imo;161
309;Ekiti;161
310;Gombe;161
311;Ebonyi;161
312;Bauchi;161
313;Katsina;161
314;Cross River;161
315;Anambra;161
316;Delta;161
317;Niger;161
318;Edo;161
319;Taraba;161
320;Adamawa;161
321;Ondo;161
322;Osun;161
323;Ogun;161
324;Rukungiri;229
325;Kyankwanzi;229
326;Kabarole;229
327;Mpigi;229
328;Apac;229
329;Abim;229
330;Yumbe;229
331;Rukiga;229
332;Northern;229
333;Serere;229
334;Kamuli;229
335;Amuru;229
336;Kaberamaido;229
337;Namutumba;229
338;Kibuku;229
339;Ibanda;229
340;Iganga;229
341;Dokolo;229
342;Lira;229
343;Bukedea;229
344;Alebtong;229
345;Koboko;229
346;Kiryandongo;229
347;Kiboga;229
348;Kitgum;229
349;Bududa;229
350;Mbale;229
351;Namayingo;229
352;Amuria;229
353;Amudat;229
354;Masindi;229
355;Kiruhura;229
356;Masaka;229
357;Pakwach;229
358;Rubanda;229
359;Tororo;229
360;Kamwenge;229
361;Adjumani;229
362;Wakiso;229
363;Moyo;229
364;Mityana;229
365;Butaleja;229
366;Gomba;229
367;Jinja;229
368;Kayunga;229
369;Kween;229
370;Western;229
371;Mubende;229
372;Eastern;229
373;Kanungu;229
374;Omoro;229
375;Bukomansimbi;229
376;Lyantonde;229
377;Buikwe;229
378;Nwoya;229
379;Zombo;229
380;Buyende;229
381;Bunyangabu;229
382;Kampala;229
383;Isingiro;229
384;Butambala;229
385;Bukwo;229
386;Bushenyi;229
387;Bugiri;229
388;Butebo;229
389;Buliisa;229
390;Otuke;229
391;Buhweju;229
392;Agago;229
393;Nakapiripirit;229
394;Kalungu;229
395;Moroto;229
396;Central;229
397;Oyam;229
398;Kaliro;229
399;Kakumiro;229
400;Namisindwa;229
401;Kole;229
402;Kyenjojo;229
403;Kagadi;229
404;Ntungamo;229
405;Kalangala;229
406;Nakasongola;229
407;Sheema;229
408;Pader;229
409;Kisoro;229
410;Mukono;229
411;Lamwo;229
412;Pallisa;229
413;Gulu;229
414;Buvuma;229
415;Mbarara;229
416;Amolatar;229
417;Lwengo;229
418;Mayuge;229
419;Bundibugyo;229
420;Katakwi;229
421;Maracha;229
422;Ntoroko;229
423;Nakaseke;229
424;Ngora;229
425;Kumi;229
426;Kabale;229
427;Sembabule;229
428;Bulambuli;229
429;Sironko;229
430;Napak;229
431;Busia;229
432;Kapchorwa;229
433;Luwero;229
434;Kaabong;229
435;Mitooma;229
436;Kibaale;229
437;Kyegegwa;229
438;Manafwa;229
439;Rakai;229
440;Kasese;229
441;Budaka;229
442;Rubirizi;229
443;Kotido;229
444;Soroti;229
445;Luuka;229
446;Nebbi;229
447;Arua;229
448;Kyotera;229
449;Schellenberg;125
450;Schaan;125
451;Eschen;125
452;Vaduz;125
453;Ruggell;125
454;Planken;125
455;Mauren;125
456;Triesenberg;125
457;Gamprin;125
458;Balzers;125
459;Triesen;125
460;Brčko;28
461;Tuzla Canton;28
462;Central Bosnia Canton;28
463;Herzegovina-Neretva Canton;28
464;Posavina Canton;28
465;Una-Sana Canton;28
466;Sarajevo Canton;28
467;Federation of Bosnia and Herzegovina;28
468;Zenica-Doboj Canton;28
469;West Herzegovina Canton;28
470;Republika Srpska;28
471;Canton 10;28
472;Bosnian Podrinje Canton;28
473;Dakar;195
474;Kolda;195
475;Kaffrine;195
476;Matam;195
477;Saint-Louis;195
478;Ziguinchor;195
479;Fatick;195
480;Diourbel;195
481;Kédougou;195
482;Sédhiou;195
483;Kaolack;195
484;Thiès;195
485;Louga;195
486;Tambacounda;195
487;Encamp;6
488;Andorra la Vella;6
489;Canillo;6
490;Sant Julià de Lòria;6
491;Ordino;6
492;Escaldes-Engordany;6
493;La Massana;6
494;Mont Buxton;197
495;La Digue;197
496;Saint Louis;197
497;Baie Lazare;197
498;Mont Fleuri;197
499;Les Mamelles;197
500;Grand'Anse Mahé;197
501;Roche Caiman;197
502;Anse Royale;197
503;Glacis;197
504;Grand'Anse Praslin;197
505;Bel Ombre;197
506;Anse-aux-Pins;197
507;Port Glaud;197
508;Au Cap;197
509;Takamaka;197
510;Pointe La Rue;197
511;Plaisance;197
512;Beau Vallon;197
513;Anse Boileau;197
514;Baie Sainte Anne;197
515;Bel Air;197
516;La Rivière Anglaise;197
517;Cascade;197
518;Shaki;16
519;Tartar;16
520;Shirvan;16
521;Qazakh;16
522;Sadarak;16
523;Yevlakh;16
524;Khojali;16
525;Kalbajar;16
526;Qakh;16
527;Fizuli;16
528;Astara;16
529;Shamakhi;16
530;Neftchala;16
531;Goychay;16
532;Bilasuvar;16
533;Tovuz;16
534;Ordubad;16
535;Sharur;16
536;Samukh;16
537;Khizi;16
538;Yevlakh;16
539;Ujar;16
540;Absheron;16
541;Lachin;16
542;Qabala;16
543;Agstafa;16
544;Imishli;16
545;Salyan;16
546;Lerik;16
547;Agsu;16
548;Qubadli;16
549;Kurdamir;16
550;Yardymli;16
551;Goranboy;16
552;Baku;16
553;Agdash;16
554;Beylagan;16
555;Masally;16
556;Oghuz;16
557;Saatly;16
558;Lankaran;16
559;Agdam;16
560;Balakan;16
561;Dashkasan;16
562;Nakhchivan Autonomous Republic;16
563;Quba;16
564;Ismailli;16
565;Sabirabad;16
566;Zaqatala;16
567;Kangarli;16
568;Martuni;16
569;Barda;16
570;Jabrayil;16
571;Hajigabul;16
572;Julfa;16
573;Gobustan;16
574;Goygol;16
575;Babek;16
576;Zardab;16
577;Aghjabadi;16
578;Jalilabad;16
579;Shahbuz;16
580;Mingachevir;16
581;Zangilan;16
582;Sumqayit;16
583;Shamkir;16
584;Siazan;16
585;Ganja;16
586;Shaki;16
587;Lankaran;16
588;Qusar;16
589;Gədəbəy;16
590;Khachmaz;16
591;Shabran;16
592;Shusha;16
593;Skrapar;3
594;Kavajë;3
595;Lezhë;3
596;Librazhd;3
597;Korçë;3
598;Elbasan;3
599;Lushnjë;3
600;Has;3
601;Kukës;3
602;Malësi e Madhe;3
603;Berat;3
604;Gjirokastër;3
605;Dibër;3
606;Pogradec;3
607;Bulqizë;3
608;Devoll;3
609;Lezhë;3
610;Dibër;3
611;Shkodër;3
612;Kuçovë;3
613;Vlorë;3
614;Krujë;3
615;Tirana;3
616;Tepelenë;3
617;Gramsh;3
618;Delvinë;3
619;Peqin;3
620;Pukë;3
621;Gjirokastër;3
622;Kurbin;3
623;Kukës;3
624;Sarandë;3
625;Përmet;3
626;Shkodër;3
627;Fier;3
628;Kolonjë;3
629;Berat;3
630;Korçë;3
631;Fier;3
632;Durrës;3
633;Tirana;3
634;Vlorë;3
635;Mat;3
636;Tropojë;3
637;Mallakastër;3
638;Mirditë;3
639;Durrës;3
640;Sveti Nikole;129
641;Kratovo;129
642;Zajas;129
643;Staro Nagoričane;129
644;Češinovo-Obleševo;129
645;Debarca;129
646;Probištip;129
647;Krivogaštani;129
648;Gevgelija;129
649;Bogdanci;129
650;Vraneštica;129
651;Veles;129
652;Bosilovo;129
653;Mogila;129
654;Tearce;129
655;Demir Kapija;129
656;Aračinovo;129
657;Drugovo;129
658;Vasilevo;129
659;Lipkovo;129
660;Brvenica;129
661;Štip;129
662;Vevčani;129
663;Tetovo;129
664;Negotino;129
665;Konče;129
666;Prilep;129
667;Saraj;129
668;Želino;129
669;Mavrovo and Rostuša;129
670;Plasnica;129
671;Valandovo;129
672;Vinica;129
673;Zrnovci;129
674;Karbinci;129
675;Dolneni;129
676;Čaška;129
677;Kriva Palanka;129
678;Jegunovce;129
679;Bitola;129
680;Šuto Orizari;129
681;Karpoš;129
682;Oslomej;129
683;Kumanovo;129
684;Greater Skopje;129
685;Pehčevo;129
686;Kisela Voda;129
687;Demir Hisar;129
688;Kičevo;129
689;Vrapčište;129
690;Ilinden;129
691;Rosoman;129
692;Makedonski Brod;129
693;Gostivar;129
694;Butel;129
695;Delčevo;129
696;Novaci;129
697;Dojran;129
698;Petrovec;129
699;Ohrid;129
700;Struga;129
701;Makedonska Kamenica;129
702;Centar;129
703;Aerodrom;129
704;Čair;129
705;Lozovo;129
706;Zelenikovo;129
707;Gazi Baba;129
708;Gradsko;129
709;Radoviš;129
710;Strumica;129
711;Studeničani;129
712;Resen;129
713;Kavadarci;129
714;Kruševo;129
715;Čučer-Sandevo;129
716;Berovo;129
717;Rankovce;129
718;Novo Selo;129
719;Sopište;129
720;Centar Župa;129
721;Bogovinje;129
722;Gjorče Petrov;129
723;Kočani;129
724;Požega-Slavonia;55
725;Split-Dalmatia;55
726;Međimurje;55
727;Zadar;55
728;Dubrovnik-Neretva;55
729;Krapina-Zagorje;55
730;Šibenik-Knin;55
731;Lika-Senj;55
732;Virovitica-Podravina;55
733;Sisak-Moslavina;55
734;Bjelovar-Bilogora;55
735;Primorje-Gorski Kotar;55
736;Zagreb;55
737;Brod-Posavina;55
738;Zagreb;55
739;Varaždin;55
740;Osijek-Baranja;55
741;Vukovar-Syrmia;55
742;Koprivnica-Križevci;55
743;Istria;55
744;Kyrenia;57
745;Nicosia;57
746;Paphos;57
747;Larnaca;57
748;Limassol;57
749;Famagusta;57
750;Rangpur Division;19
751;Cox's Bazar;19
752;Bandarban;19
753;Rajshahi Division;19
754;Pabna;19
755;Sherpur;19
756;Bhola;19
757;Jessore;19
758;Mymensingh Division;19
759;Rangpur;19
760;Dhaka Division;19
761;Chapai Nawabganj;19
762;Faridpur;19
763;Comilla;19
764;Netrokona;19
765;Sylhet Division;19
766;Mymensingh;19
767;Sylhet;19
768;Chandpur;19
769;Narail;19
770;Narayanganj;19
771;Dhaka;19
772;Nilphamari;19
773;Rajbari;19
774;Kushtia;19
775;Khulna Division;19
776;Meherpur;19
777;Patuakhali;19
778;Jhalokati;19
779;Kishoreganj;19
780;Lalmonirhat;19
781;Sirajganj;19
782;Tangail;19
783;Dinajpur;19
784;Barguna;19
785;Chittagong;19
786;Khagrachari;19
787;Natore;19
788;Chuadanga;19
789;Jhenaidah;19
790;Munshiganj;19
791;Pirojpur;19
792;Gopalganj;19
793;Kurigram;19
794;Moulvibazar;19
795;Gaibandha;19
796;Bagerhat;19
797;Bogra;19
798;Gazipur;19
799;Satkhira;19
800;Panchagarh;19
801;Shariatpur;19
802;Bahadia;19
803;Chittagong Division;19
804;Thakurgaon;19
805;Habiganj;19
806;Joypurhat;19
807;Barisal Division;19
808;Jamalpur;19
809;Rangamati Hill;19
810;Brahmanbaria;19
811;Khulna;19
812;Sunamganj;19
813;Rajshahi;19
814;Naogaon;19
815;Noakhali;19
816;Feni;19
817;Madaripur;19
818;Barisal;19
819;Lakshmipur;19
820;Okayama;109
821;Chiba;109
822;Ōita;109
823;Tokyo;109
824;Nara;109
825;Shizuoka;109
826;Shimane;109
827;Aichi;109
828;Hiroshima;109
829;Akita;109
830;Ishikawa;109
831;Hyōgo;109
832;Hokkaidō;109
833;Mie;109
834;Kyōto;109
835;Yamaguchi;109
836;Tokushima;109
837;Yamagata;109
838;Toyama;109
839;Aomori;109
840;Kagoshima;109
841;Niigata;109
842;Kanagawa;109
843;Nagano;109
844;Wakayama;109
845;Shiga;109
846;Kumamoto;109
847;Fukushima;109
848;Fukui;109
849;Nagasaki;109
850;Tottori;109
851;Ibaraki;109
852;Yamanashi;109
853;Okinawa;109
854;Tochigi;109
855;Miyazaki;109
856;Iwate;109
857;Miyagi;109
858;Gifu;109
859;Ōsaka;109
860;Saitama;109
861;Fukuoka;109
862;Gunma;109
863;Saga;109
864;Kagawa;109
865;Ehime;109
866;Ontario;39
867;Manitoba;39
868;New Brunswick;39
869;Yukon;39
870;Saskatchewan;39
871;Prince Edward Island;39
872;Alberta;39
873;Quebec;39
874;Nova Scotia;39
875;British Columbia;39
876;Nunavut;39
877;Newfoundland and Labrador;39
878;Northwest Territories;39
879;White Nile;209
880;Red Sea;209
881;Khartoum;209
882;Sennar;209
883;South Kordofan;209
884;Kassala;209
885;Al Jazirah;209
886;Al Qadarif;209
887;Blue Nile;209
888;West Darfur;209
889;West Kordofan;209
890;North Darfur;209
891;River Nile;209
892;East Darfur;209
893;North Kordofan;209
894;South Darfur;209
895;Northern;209
896;Central Darfur;209
897;Khelvachauri;81
898;Senaki;81
899;Tbilisi;81
900;Adjara;81
901;Autonomous Republic of Abkhazia;81
902;Mtskheta-Mtianeti;81
903;Shida Kartli;81
904;Kvemo Kartli;81
905;Imereti;81
906;Samtskhe-Javakheti;81
907;Guria;81
908;Samegrelo-Zemo Svaneti;81
909;Racha-Lechkhumi and Kvemo Svaneti;81
910;Kakheti;81
911;Northern;198
912;Southern;198
913;Western Area;198
914;Eastern;198
915;Hiran;203
916;Mudug;203
917;Bakool;203
918;Galguduud;203
919;Sanaag;203
920;Nugal;203
921;Lower Shebelle;203
922;Middle Juba;203
923;Middle Shebelle;203
924;Lower Juba;203
925;Awdal;203
926;Bay;203
927;Banaadir;203
928;Gedo;203
929;Togdheer;203
930;Bari;203
931;Northern Cape;204
932;Free;204
933;Limpopo;204
934;North West;204
935;KwaZulu-Natal;204
936;Gauteng;204
937;Mpumalanga;204
938;Eastern Cape;204
939;Western Cape;204
940;Chontales;159
941;Managua;159
942;Rivas;159
943;Granada;159
944;León;159
945;Estelí;159
946;Boaco;159
947;Matagalpa;159
948;Madriz;159
949;Río San Juan;159
950;Carazo;159
951;North Caribbean Coast Autonomous;159
952;South Caribbean Coast Autonomous;159
953;Masaya;159
954;Chinandega;159
955;Jinotega;159
956;Karak Governorate;111
957;Tafilah Governorate;111
958;Madaba Governorate;111
959;Aqaba Governorate;111
960;Irbid Governorate;111
961;Balqa Governorate;111
962;Mafraq Governorate;111
963;Ajloun Governorate;111
964;Ma'an Governorate;111
965;Amman Governorate;111
966;Jerash Governorate;111
967;Zarqa Governorate;111
968;Manzini;212
969;Hhohho;212
970;Lubombo;212
971;Shiselweni;212
972;Al Jahra Governorate;117
973;Hawalli Governorate;117
974;Mubarak Al-Kabeer Governorate;117
975;Al Farwaniyah Governorate;117
976;Capital Governorate;117
977;Al Ahmadi Governorate;117
978;Luang Prabang;119
979;Vientiane;119
980;Vientiane;119
981;Salavan;119
982;Attapeu;119
983;Xaisomboun;119
984;Sekong;119
985;Bolikhamsai;119
986;Khammouane;119
987;Phongsaly;119
988;Oudomxay;119
989;Houaphanh;119
990;Savannakhet;119
991;Bokeo;119
992;Luang Namtha;119
993;Sainyabuli;119
994;Xaisomboun;119
995;Xiangkhouang;119
996;Champasak;119
997;Talas;118
998;Batken;118
999;Naryn;118
1000;Jalal-Abad;118
1001;Bishkek;118
1002;Issyk-Kul;118
1003;Osh;118
1004;Chuy;118
1005;Osh;118
1006;Trøndelag;165
1007;Oslo;165
1008;Vestfold;165
1009;Oppland;165
1010;Sør-Trøndelag;165
1011;Buskerud;165
1012;Nord-Trøndelag;165
1013;Svalbard;165
1014;Vest-Agder;165
1015;Troms;165
1016;Finnmark;165
1017;Akershus;165
1018;Sogn og Fjordane;165
1019;Hedmark;165
1020;Møre og Romsdal;165
1021;Rogaland;165
1022;Østfold;165
1023;Hordaland;165
1024;Telemark;165
1025;Nordland;165
1026;Jan Mayen;165
1027;Hódmezővásárhely;99
1028;Érd;99
1029;Szeged;99
1030;Nagykanizsa;99
1031;Csongrád;99
1032;Debrecen;99
1033;Székesfehérvár;99
1034;Nyíregyháza;99
1035;Somogy;99
1036;Békéscsaba;99
1037;Eger;99
1038;Tolna;99
1039;Vas;99
1040;Heves;99
1041;Győr;99
1042;Győr-Moson-Sopron;99
1043;Jász-Nagykun-Szolnok;99
1044;Fejér;99
1045;Szabolcs-Szatmár-Bereg;99
1046;Zala;99
1047;Szolnok;99
1048;Bács-Kiskun;99
1049;Dunaújváros;99
1050;Zalaegerszeg;99
1051;Nógrád;99
1052;Szombathely;99
1053;Pécs;99
1054;Veszprém;99
1055;Baranya;99
1056;Kecskemét;99
1057;Sopron;99
1058;Borsod-Abaúj-Zemplén;99
1059;Pest;99
1060;Békés;99
1061;Szekszárd;99
1062;Veszprém;99
1063;Hajdú-Bihar;99
1064;Budapest;99
1065;Miskolc;99
1066;Tatabánya;99
1067;Kaposvár;99
1068;Salgótarján;99
1069;County Tipperary;105
1070;County Sligo;105
1071;County Donegal;105
1072;County Dublin;105
1073;Leinster;105
1074;County Cork;105
1075;County Monaghan;105
1076;County Longford;105
1077;County Kerry;105
1078;County Offaly;105
1079;County Galway;105
1080;Munster;105
1081;County Roscommon;105
1082;County Kildare;105
1083;County Louth;105
1084;County Mayo;105
1085;County Wicklow;105
1086;Ulster;105
1087;Connacht;105
1088;County Cavan;105
1089;County Waterford;105
1090;County Kilkenny;105
1091;County Clare;105
1092;County Meath;105
1093;County Wexford;105
1094;County Limerick;105
1095;County Carlow;105
1096;County Laois;105
1097;County Westmeath;105
1098;Djelfa;4
1099;El Oued;4
1100;El Tarf;4
1101;Oran;4
1102;Naama;4
1103;Annaba;4
1104;Bouïra;4
1105;Chlef;4
1106;Tiaret;4
1107;Tlemcen;4
1108;Béchar;4
1109;Médéa;4
1110;Skikda;4
1111;Blida;4
1112;Illizi;4
1113;Jijel;4
1114;Biskra;4
1115;Tipasa;4
1116;Bordj Bou Arréridj;4
1117;Tébessa;4
1118;Adrar;4
1119;Aïn Defla;4
1120;Tindouf;4
1121;Constantine;4
1122;Aïn Témouchent;4
1123;Saïda;4
1124;Mascara;4
1125;Boumerdès;4
1126;Khenchela;4
1127;Ghardaïa;4
1128;Béjaïa;4
1129;El Bayadh;4
1130;Relizane;4
1131;Tizi Ouzou;4
1132;Mila;4
1133;Tissemsilt;4
1134;M'Sila;4
1135;Tamanghasset;4
1136;Oum El Bouaghi;4
1137;Guelma;4
1138;Laghouat;4
1139;Ouargla;4
1140;Mostaganem;4
1141;Sétif;4
1142;Batna;4
1143;Souk Ahras;4
1144;Algiers;4
1145;Murcia;207
1146;Burgos;207
1147;Salamanca;207
1148;Araba / Álava;207
1149;Madrid;207
1150;Ciudad Real;207
1151;Almería;207
1152;Valencia;207
1153;Badajoz;207
1154;Pontevedra;207
1155;Seville;207
1156;Alicante;207
1157;Palencia;207
1158;Community of Madrid;207
1159;Melilla;207
1160;Province of Asturias;207
1161;Zamora;207
1162;Zaragoza;207
1163;Huesca;207
1164;Tarragona;207
1165;Toledo;207
1166;Las Palmas;207
1167;Galicia;207
1168;Albacete;207
1169;Cuenca;207
1170;Cantabria;207
1171;La Rioja;207
1172;Guadalajara;207
1173;Ourense;207
1174;Balearic Islands;207
1175;Valencian Community;207
1176;Region of Murcia;207
1177;Aragon;207
1178;Girona;207
1179;A Coruña;207
1180;Barcelona;207
1181;Jaén;207
1182;Teruel;207
1183;Valladolid;207
1184;Castile and León;207
1185;Canary Islands;207
1186;Biscay;207
1187;Lugo;207
1188;Málaga;207
1189;Province of Ávila;207
1190;Extremadura;207
1191;Basque Country;207
1192;Segovia;207
1193;Andalusia;207
1194;Granada;207
1195;Lleida;207
1196;Cáceres;207
1197;Córdoba;207
1198;Santa Cruz de Tenerife;207
1199;Huelva;207
1200;León;207
1201;Cádiz;207
1202;Gipuzkoa;207
1203;Catalonia;207
1204;Navarre;207
1205;Castile-La Mancha;207
1206;Ceuta;207
1207;Castellón;207
1208;Soria;207
1209;Guanacaste;53
1210;Puntarenas;53
1211;Provincia de Cartago;53
1212;Heredia;53
1213;Limón;53
1214;San José;53
1215;Alajuela;53
1216;Brunei-Muara;33
1217;Belait;33
1218;Temburong;33
1219;Tutong;33
1220;Saint Philip;20
1221;Saint Lucy;20
1222;Saint Peter;20
1223;Saint Joseph;20
1224;Saint James;20
1225;Saint Thomas;20
1226;Saint George;20
1227;Saint John;20
1228;Christ Church;20
1229;Saint Andrew;20
1230;Saint Michael;20
1231;Ta'izz Governorate;245
1232;Sana'a;245
1233;Ibb Governorate;245
1234;Ma'rib Governorate;245
1235;Al Mahwit Governorate;245
1236;Sana'a Governorate;245
1237;Abyan Governorate;245
1238;Hadhramaut Governorate;245
1239;Socotra Governorate;245
1240;Al Bayda' Governorate;245
1241;Al Hudaydah Governorate;245
1242;'Adan Governorate;245
1243;Al Jawf Governorate;245
1244;Hajjah Governorate;245
1245;Lahij Governorate;245
1246;Dhamar Governorate;245
1247;Shabwah Governorate;245
1248;Raymah Governorate;245
1249;Saada Governorate;245
1250;'Amran Governorate;245
1251;Al Mahrah Governorate;245
1252;Sangha-Mbaéré;42
1253;Nana-Grébizi Economic;42
1254;Ouham;42
1255;Ombella-M'Poko;42
1256;Lobaye;42
1257;Mambéré-Kadéï;42
1258;Haut-Mbomou;42
1259;Bamingui-Bangoran;42
1260;Nana-Mambéré;42
1261;Vakaga;42
1262;Bangui;42
1263;Kémo;42
1264;Basse-Kotto;42
1265;Ouaka;42
1266;Mbomou;42
1267;Ouham-Pendé;42
1268;Haute-Kotto;42
1269;Romblon;174
1270;Bukidnon;174
1271;Rizal;174
1272;Bohol;174
1273;Quirino;174
1274;Biliran;174
1275;Quezon;174
1276;Siquijor;174
1277;Sarangani;174
1278;Bulacan;174
1279;Cagayan;174
1280;South Cotabato;174
1281;Sorsogon;174
1282;Sultan Kudarat;174
1283;Camarines Norte;174
1284;Southern Leyte;174
1285;Camiguin;174
1286;Surigao del Norte;174
1287;Camarines Sur;174
1288;Sulu;174
1289;Davao Oriental;174
1290;Eastern Samar;174
1291;Dinagat Islands;174
1292;Capiz;174
1293;Tawi-Tawi;174
1294;Calabarzon;174
1295;Tarlac;174
1296;Surigao del Sur;174
1297;Zambales;174
1298;Ilocos Norte;174
1299;Mimaropa;174
1300;Ifugao;174
1301;Catanduanes;174
1302;Zamboanga del Norte;174
1303;Guimaras;174
1304;Bicol;174
1305;Western Visayas;174
1306;Cebu;174
1307;Cavite;174
1308;Central Visayas;174
1309;Davao Occidental;174
1310;Soccsksargen;174
1311;Compostela Valley;174
1312;Kalinga;174
1313;Isabela;174
1314;Caraga;174
1315;Iloilo;174
1316;Autonomous in Muslim Mindanao;174
1317;La Union;174
1318;Davao del Sur;174
1319;Davao del Norte;174
1320;Cotabato;174
1321;Ilocos Sur;174
1322;Eastern Visayas;174
1323;Agusan del Norte;174
1324;Abra;174
1325;Zamboanga Peninsula;174
1326;Agusan del Sur;174
1327;Lanao del Norte;174
1328;Laguna;174
1329;Marinduque;174
1330;Maguindanao;174
1331;Aklan;174
1332;Leyte;174
1333;Lanao del Sur;174
1334;Apayao;174
1335;Cordillera Administrative;174
1336;Antique;174
1337;Albay;174
1338;Masbate;174
1339;Northern Mindanao;174
1340;Davao;174
1341;Aurora;174
1342;Cagayan Valley;174
1343;Misamis Occidental;174
1344;Bataan;174
1345;Central Luzon;174
1346;Basilan;174
1347;Metro Manila;174
1348;Misamis Oriental;174
1349;Northern Samar;174
1350;Negros Oriental;174
1351;Negros Occidental;174
1352;Batanes;174
1353;Mountain;174
1354;Oriental Mindoro;174
1355;Ilocos;174
1356;Occidental Mindoro;174
1357;Zamboanga del Sur;174
1358;Nueva Vizcaya;174
1359;Batangas;174
1360;Nueva Ecija;174
1361;Palawan;174
1362;Zamboanga Sibugay;174
1363;Benguet;174
1364;Pangasinan;174
1365;Pampanga;174
1366;Northern;106
1367;Central;106
1368;Southern;106
1369;Haifa;106
1370;Jerusalem;106
1371;Tel Aviv;106
1372;Limburg;22
1373;Flanders;22
1374;Flemish Brabant;22
1375;Hainaut;22
1376;Brussels-Capital;22
1377;East Flanders;22
1378;Namur;22
1379;Luxembourg;22
1380;Wallonia;22
1381;Antwerp;22
1382;Walloon Brabant;22
1383;West Flanders;22
1384;Liège;22
1385;Darién;170
1386;Colón;170
1387;Coclé;170
1388;Guna Yala;170
1389;Herrera;170
1390;Los Santos;170
1391;Ngöbe-Buglé Comarca;170
1392;Veraguas;170
1393;Bocas del Toro;170
1394;Panamá Oeste;170
1395;Panamá;170
1396;Emberá-Wounaan Comarca;170
1397;Chiriquí;170
1398;Howland Island;233
1399;Delaware;233
1400;Alaska;233
1401;Maryland;233
1402;Baker Island;233
1403;Kingman Reef;233
1404;New Hampshire;233
1405;Wake Island;233
1406;Kansas;233
1407;Texas;233
1408;Nebraska;233
1409;Vermont;233
1410;Jarvis Island;233
1411;Hawaii;233
1412;Guam;233
1413;Uniteds Virgin Islands;233
1414;Utah;233
1415;Oregon;233
1416;California;233
1417;New Jersey;233
1418;North Dakota;233
1419;Kentucky;233
1420;Minnesota;233
1421;Oklahoma;233
1422;Pennsylvania;233
1423;New Mexico;233
1424;American Samoa;233
1425;Illinois;233
1426;Michigan;233
1427;Virginia;233
1428;Johnston Atoll;233
1429;West Virginia;233
1430;Mississippi;233
1431;Northern Mariana Islands;233
1432;Uniteds Minor Outlying Islands;233
1433;Massachusetts;233
1434;Arizona;233
1435;Connecticut;233
1436;Florida;233
1437;District of Columbia;233
1438;Midway Atoll;233
1439;Navassa Island;233
1440;Indiana;233
1441;Wisconsin;233
1442;Wyoming;233
1443;South Carolina;233
1444;Arkansas;233
1445;South Dakota;233
1446;Montana;233
1447;North Carolina;233
1448;Palmyra Atoll;233
1449;Puerto Rico;233
1450;Colorado;233
1451;Missouri;233
1452;New York;233
1453;Maine;233
1454;Tennessee;233
1455;Georgia;233
1456;Alabama;233
1457;Louisiana;233
1458;Nevada;233
1459;Iowa;233
1460;Idaho;233
1461;Rhode Island;233
1462;Washington;233
1463;Shinyanga;218
1464;Simiyu;218
1465;Kagera;218
1466;Dodoma;218
1467;Kilimanjaro;218
1468;Mara;218
1469;Tabora;218
1470;Morogoro;218
1471;Zanzibar Central/South;218
1472;South Pemba;218
1473;Zanzibar North;218
1474;Singida;218
1475;Zanzibar Urban/West;218
1476;Mtwara;218
1477;Rukwa;218
1478;Kigoma;218
1479;Mwanza;218
1480;Njombe;218
1481;Geita;218
1482;Katavi;218
1483;Lindi;218
1484;Manyara;218
1485;Pwani;218
1486;Ruvuma;218
1487;Tanga;218
1488;North Pemba;218
1489;Iringa;218
1490;Dar es Salaam;218
1491;Arusha;218
1492;Eastern Finland;74
1493;Tavastia Proper;74
1494;Central Ostrobothnia;74
1495;Southern Savonia;74
1496;Kainuu;74
1497;South Karelia;74
1498;Southern Ostrobothnia;74
1499;Oulu;74
1500;Lapland;74
1501;Satakunta;74
1502;Päijänne Tavastia;74
1503;Northern Savonia;74
1504;North Karelia;74
1505;Northern Ostrobothnia;74
1506;Pirkanmaa;74
1507;Finland Proper;74
1508;Ostrobothnia;74
1509;Åland Islands;74
1510;Uusimaa;74
1511;Central Finland;74
1512;Kymenlaakso;74
1513;Canton of Diekirch;127
1514;Luxembourg;127
1515;Canton of Echternach;127
1516;Canton of Redange;127
1517;Canton of Esch-sur-Alzette;127
1518;Canton of Capellen;127
1519;Canton of Remich;127
1520;Grevenmacher;127
1521;Canton of Clervaux;127
1522;Canton of Mersch;127
1523;Canton of Vianden;127
1524;Diekirch;127
1525;Canton of Grevenmacher;127
1526;Canton of Wiltz;127
1527;Canton of Luxembourg;127
1528;Region Zealand;59
1529;Region of Southern Denmark;59
1530;Capital of Denmark;59
1531;Central Denmark;59
1532;North Denmark;59
1533;Gävleborg;213
1534;Dalarna;213
1535;Värmland;213
1536;Östergötland;213
1537;Blekinge;213
1538;Norrbotten;213
1539;Örebro;213
1540;Södermanland;213
1541;Skåne;213
1542;Kronoberg;213
1543;Västerbotten;213
1544;Kalmar;213
1545;Uppsala;213
1546;Gotland;213
1547;Västra Götaland;213
1548;Halland;213
1549;Västmanland;213
1550;Jönköping;213
1551;Stockholm;213
1552;Västernorrland;213
1553;Plungė;126
1554;Šiauliai;126
1555;Jurbarkas;126
1556;Kaunas;126
1557;Mažeikiai;126
1558;Panevėžys;126
1559;Elektrėnai;126
1560;Švenčionys;126
1561;Akmenė;126
1562;Ignalina;126
1563;Neringa;126
1564;Visaginas;126
1565;Kaunas;126
1566;Biržai;126
1567;Jonava;126
1568;Radviliškis;126
1569;Telšiai;126
1570;Marijampolė;126
1571;Kretinga;126
1572;Tauragė;126
1573;Tauragė;126
1574;Alytus;126
1575;Kazlų Rūda;126
1576;Šakiai;126
1577;Šalčininkai;126
1578;Prienai;126
1579;Druskininkai;126
1580;Kaunas City;126
1581;Joniškis;126
1582;Molėtai;126
1583;Kaišiadorys;126
1584;Kėdainiai;126
1585;Kupiškis;126
1586;Šiauliai;126
1587;Raseiniai;126
1588;Palanga City;126
1589;Panevėžys City;126
1590;Rietavas;126
1591;Kalvarija;126
1592;Vilnius;126
1593;Trakai;126
1594;Širvintos;126
1595;Pakruojis;126
1596;Ukmergė;126
1597;Klaipeda City;126
1598;Utena;126
1599;Alytus;126
1600;Klaipėda;126
1601;Vilnius;126
1602;Varėna;126
1603;Birštonas;126
1604;Klaipėda;126
1605;Alytus City;126
1606;Vilnius City;126
1607;Šilutė;126
1608;Telšiai;126
1609;Šiauliai City;126
1610;Marijampolė;126
1611;Lazdijai;126
1612;Pagėgiai;126
1613;Šilalė;126
1614;Panevėžys;126
1615;Rokiškis;126
1616;Pasvalys;126
1617;Skuodas;126
1618;Kelmė;126
1619;Zarasai;126
1620;Vilkaviškis;126
1621;Utena;126
1622;Opole Voivodeship;176
1623;Silesian Voivodeship;176
1624;Pomeranian Voivodeship;176
1625;Kuyavian-Pomeranian Voivodeship;176
1626;Podkarpackie Voivodeship;176
1627;Kielce;176
1628;Warmian-Masurian Voivodeship;176
1629;Lower Silesian Voivodeship;176
1630;Świętokrzyskie Voivodeship;176
1631;Lubusz Voivodeship;176
1632;Podlaskie Voivodeship;176
1633;West Pomeranian Voivodeship;176
1634;Greater Poland Voivodeship;176
1635;Lesser Poland Voivodeship;176
1636;Łódź Voivodeship;176
1637;Masovian Voivodeship;176
1638;Lublin Voivodeship;176
1639;Aargau;214
1640;Canton of Fribourg;214
1641;Basel-Landschaft;214
1642;Uri;214
1643;Ticino;214
1644;Canton of St. Gallen;214
1645;canton of Bern;214
1646;Canton of Zug;214
1647;Canton of Geneva;214
1648;Canton of Valais;214
1649;Appenzell Innerrhoden;214
1650;Obwalden;214
1651;Canton of Vaud;214
1652;Nidwalden;214
1653;Schwyz;214
1654;Canton of Schaffhausen;214
1655;Appenzell Ausserrhoden;214
1656;canton of Zürich;214
1657;Thurgau;214
1658;Canton of Jura;214
1659;Canton of Neuchâtel;214
1660;Graubünden;214
1661;Glarus;214
1662;Canton of Solothurn;214
1663;Canton of Lucerne;214
1664;Tuscany;107
1665;Province of Padua;107
1666;Province of Parma;107
1667;Libero consorzio comunale di Siracusa;107
1668;Metropolitan City of Palermo;107
1669;Campania;107
1670;Marche;107
1671;Metropolitan City of Reggio Calabria;107
1672;Province of Ancona;107
1673;Metropolitan City of Venice;107
1674;Province of Latina;107
1675;Province of Lecce;107
1676;Province of Pavia;107
1677;Province of Lecco;107
1678;Lazio;107
1679;Abruzzo;107
1680;Metropolitan City of Florence;107
1681;Province of Ascoli Piceno;107
1682;Metropolitan City of Cagliari;107
1683;Umbria;107
1684;Metropolitan City of Bologna;107
1685;Province of Pisa;107
1686;Province of Barletta-Andria-Trani;107
1687;Province of Pistoia;107
1688;Apulia;107
1689;Province of Belluno;107
1690;Province of Pordenone;107
1691;Province of Perugia;107
1692;Province of Avellino;107
1693;Pesaro and Urbino;107
1694;Province of Pescara;107
1695;Molise;107
1696;Province of Piacenza;107
1697;Province of Potenza;107
1698;Metropolitan City of Milan;107
1699;Metropolitan City of Genoa;107
1700;Province of Prato;107
1701;Benevento;107
1702;Piedmont;107
1703;Calabria;107
1704;Province of Bergamo;107
1705;Lombardy;107
1706;Basilicata;107
1707;Province of Ravenna;107
1708;Province of Reggio Emilia;107
1709;Sicily;107
1710;Metropolitan City of Turin;107
1711;Metropolitan City of Rome;107
1712;Province of Rieti;107
1713;Province of Rimini;107
1714;Province of Brindisi;107
1715;Sardinia;107
1716;Aosta Valley;107
1717;Province of Brescia;107
1718;Libero consorzio comunale di Caltanissetta;107
1719;Province of Rovigo;107
1720;Province of Salerno;107
1721;Province of Campobasso;107
1722;Province of Sassari;107
1723;Libero consorzio comunale di Enna;107
1724;Metropolitan City of Naples;107
1725;Trentino-South Tyrol;107
1726;Province of Verbano-Cusio-Ossola;107
1727;Libero consorzio comunale di Agrigento;107
1728;Province of Catanzaro;107
1729;Libero consorzio comunale di Ragusa;107
1730;Province of Carbonia-Iglesias;107
1731;Province of Caserta;107
1732;Province of Savona;107
1733;Libero consorzio comunale di Trapani;107
1734;Province of Siena;107
1735;Province of Viterbo;107
1736;Province of Verona;107
1737;Province of Vibo Valentia;107
1738;Province of Vicenza;107
1739;Province of Chieti;107
1740;Province of Como;107
1741;Province of Sondrio;107
1742;Province of Cosenza;107
1743;Province of Taranto;107
1744;Province of Fermo;107
1745;Province of Livorno;107
1746;Province of Ferrara;107
1747;Province of Lodi;107
1748;Trentino;107
1749;Province of Lucca;107
1750;Province of Macerata;107
1751;Province of Cremona;107
1752;Province of Teramo;107
1753;Veneto;107
1754;Province of Crotone;107
1755;Province of Terni;107
1756;Friuli–Venezia Giulia;107
1757;Province of Modena;107
1758;Province of Mantua;107
1759;Province of Massa and Carrara;107
1760;Province of Matera;107
1761;Province of Medio Campidano;107
1762;Province of Treviso;107
1763;Province of Trieste;107
1764;Province of Udine;107
1765;Province of Varese;107
1766;Metropolitan City of Catania;107
1767;South Tyrol;107
1768;Liguria;107
1769;Province of Monza and Brianza;107
1770;Metropolitan City of Messina;107
1771;Province of Foggia;107
1772;Metropolitan City of Bari;107
1773;Emilia-Romagna;107
1774;Province of Novara;107
1775;Province of Cuneo;107
1776;Province of Frosinone;107
1777;Province of Gorizia;107
1778;Province of Biella;107
1779;Province of Forlì-Cesena;107
1780;Province of Asti;107
1781;Province of L'Aquila;107
1782;Province of Ogliastra;107
1783;Province of Alessandria;107
1784;Province of Olbia-Tempio;107
1785;Province of Vercelli;107
1786;Province of Oristano;107
1787;Province of Grosseto;107
1788;Province of Imperia;107
1789;Province of Isernia;107
1790;Province of Nuoro;107
1791;Province of La Spezia;107
1792;North Sumatra;102
1793;Bengkulu;102
1794;Central Kalimantan;102
1795;South Sulawesi;102
1796;Southeast Sulawesi;102
1797;Sumatra;102
1798;Papua;102
1799;West Papua;102
1800;Maluku;102
1801;North Maluku;102
1802;Central Java;102
1803;Sulawesi;102
1804;East Kalimantan;102
1805;Jakarta;102
1806;Kalimantan;102
1807;Riau Islands;102
1808;North Sulawesi;102
1809;Riau;102
1810;Banten;102
1811;Lampung;102
1812;Gorontalo;102
1813;Central Sulawesi;102
1814;West Nusa Tenggara;102
1815;Jambi;102
1816;South Sumatra;102
1817;West Sulawesi;102
1818;East Nusa Tenggara;102
1819;South Kalimantan;102
1820;Bangka Belitung Islands;102
1821;Lesser Sunda Islands;102
1822;Aceh;102
1823;Maluku Islands;102
1824;North Kalimantan;102
1825;West Java;102
1826;Bali;102
1827;East Java;102
1828;West Sumatra;102
1829;Special of Yogyakarta;102
1830;Phoenix Islands;114
1831;Gilbert Islands;114
1832;Line Islands;114
1833;Primorsky Krai;182
1834;Novgorod Oblast;182
1835;Jewish Autonomous Oblast;182
1836;Nenets Autonomous Okrug;182
1837;Rostov Oblast;182
1838;Khanty-Mansi Autonomous Okrug;182
1839;Magadan Oblast;182
1840;Krasnoyarsk Krai;182
1841;Republic of Karelia;182
1842;Republic of Buryatia;182
1843;Murmansk Oblast;182
1844;Kaluga Oblast;182
1845;Chelyabinsk Oblast;182
1846;Omsk Oblast;182
1847;Yamalo-Nenets Autonomous Okrug;182
1848;Sakha Republic;182
1849;Arkhangelsk;182
1850;Republic of Dagestan;182
1851;Yaroslavl Oblast;182
1852;Republic of Adygea;182
1853;Republic of North Ossetia-Alania;182
1854;Republic of Bashkortostan;182
1855;Kursk Oblast;182
1856;Ulyanovsk Oblast;182
1857;Nizhny Novgorod Oblast;182
1858;Amur Oblast;182
1859;Chukotka Autonomous Okrug;182
1860;Tver Oblast;182
1861;Republic of Tatarstan;182
1862;Samara Oblast;182
1863;Pskov Oblast;182
1864;Ivanovo Oblast;182
1865;Kamchatka Krai;182
1866;Astrakhan Oblast;182
1867;Bryansk Oblast;182
1868;Stavropol Krai;182
1869;Karachay-Cherkess Republic;182
1870;Mari El Republic;182
1871;Perm Krai;182
1872;Tomsk Oblast;182
1873;Khabarovsk Krai;182
1874;Vologda Oblast;182
1875;Sakhalin;182
1876;Altai Republic;182
1877;Republic of Khakassia;182
1878;Tambov Oblast;182
1879;Saint Petersburg;182
1880;Irkutsk;182
1881;Vladimir Oblast;182
1882;Moscow Oblast;182
1883;Republic of Kalmykia;182
1884;Republic of Ingushetia;182
1885;Smolensk Oblast;182
1886;Orenburg Oblast;182
1887;Saratov Oblast;182
1888;Novosibirsk;182
1889;Lipetsk Oblast;182
1890;Kirov Oblast;182
1891;Krasnodar Krai;182
1892;Kabardino-Balkar Republic;182
1893;Chechen Republic;182
1894;Sverdlovsk;182
1895;Tula Oblast;182
1896;Leningrad Oblast;182
1897;Kemerovo Oblast;182
1898;Republic of Mordovia;182
1899;Komi Republic;182
1900;Tuva Republic;182
1901;Moscow;182
1902;Kaliningrad;182
1903;Belgorod Oblast;182
1904;Zabaykalsky Krai;182
1905;Ryazan Oblast;182
1906;Voronezh Oblast;182
1907;Tyumen Oblast;182
1908;Oryol Oblast;182
1909;Penza Oblast;182
1910;Kostroma Oblast;182
1911;Altai Krai;182
1912;Sevastopol;182
1913;Udmurt Republic;182
1914;Chuvash Republic;182
1915;Kurgan Oblast;182
1916;Lomaiviti;73
1917;Ba;73
1918;Tailevu;73
1919;Nadroga-Navosa;73
1920;Rewa;73
1921;Northern Division;73
1922;Macuata;73
1923;Western Division;73
1924;Cakaudrove;73
1925;Serua;73
1926;Ra;73
1927;Naitasiri;73
1928;Namosi;73
1929;Central Division;73
1930;Bua;73
1931;Rotuma;73
1932;Eastern Division;73
1933;Lau;73
1934;Kadavu;73
1935;Labuan;132
1936;Sabah;132
1937;Sarawak;132
1938;Perlis;132
1939;Penang;132
1940;Pahang;132
1941;Melaka;132
1942;Terengganu;132
1943;Perak;132
1944;Selangor;132
1945;Putrajaya;132
1946;Kelantan;132
1947;Kedah;132
1948;Negeri Sembilan;132
1949;Kuala Lumpur;132
1950;Johor;132
1951;Mashonaland East;247
1952;Matabeleland South;247
1953;Mashonaland West;247
1954;Matabeleland North;247
1955;Mashonaland Central;247
1956;Bulawayo;247
1957;Midlands;247
1958;Harare;247
1959;Manicaland;247
1960;Masvingo;247
1961;Bulgan;146
1962;Darkhan-Uul;146
1963;Dornod;146
1964;Khovd;146
1965;Övörkhangai;146
1966;Orkhon;146
1967;Ömnögovi;146
1968;Töv;146
1969;Bayan-Ölgii;146
1970;Dundgovi;146
1971;Uvs;146
1972;Govi-Altai;146
1973;Arkhangai;146
1974;Khentii;146
1975;Khövsgöl;146
1976;Bayankhongor;146
1977;Sükhbaatar;146
1978;Govisümber;146
1979;Zavkhan;146
1980;Selenge;146
1981;Dornogovi;146
1982;Northern;246
1983;Western;246
1984;Copperbelt;246
1985;Northwestern;246
1986;Central;246
1987;Luapula;246
1988;Lusaka;246
1989;Muchinga;246
1990;Southern;246
1991;Eastern;246
1992;Capital Governorate;18
1993;Southern Governorate;18
1994;Northern Governorate;18
1995;Muharraq Governorate;18
1996;Central Governorate;18
1997;Rio de Janeiro;31
1998;Minas Gerais;31
1999;Amapá;31
2000;Goiás;31
2001;Rio Grande do Sul;31
2002;Bahia;31
2003;Sergipe;31
2004;Amazonas;31
2005;Paraíba;31
2006;Pernambuco;31
2007;Alagoas;31
2008;Piauí;31
2009;Pará;31
2010;Mato Grosso do Sul;31
2011;Mato Grosso;31
2012;Acre;31
2013;Rondônia;31
2014;Santa Catarina;31
2015;Maranhão;31
2016;Ceará;31
2017;Federal;31
2018;Espírito Santo;31
2019;Rio Grande do Norte;31
2020;Tocantins;31
2021;São Paulo;31
2022;Paraná;31
2023;Aragatsotn;12
2024;Ararat;12
2025;Vayots Dzor;12
2026;Armavir;12
2027;Syunik;12
2028;Gegharkunik;12
2029;Lori;12
2030;Yerevan;12
2031;Shirak;12
2032;Tavush;12
2033;Kotayk;12
2034;Cojedes;239
2035;Falcón;239
2036;Portuguesa;239
2037;Miranda;239
2038;Lara;239
2039;Bolívar;239
2040;Carabobo;239
2041;Yaracuy;239
2042;Zulia;239
2043;Trujillo;239
2044;Amazonas;239
2045;Guárico;239
2046;Federal Dependencies of Venezuela;239
2047;Aragua;239
2048;Táchira;239
2049;Barinas;239
2050;Anzoátegui;239
2051;Delta Amacuro;239
2052;Nueva Esparta;239
2053;Mérida;239
2054;Monagas;239
2055;Vargas;239
2056;Sucre;239
2057;Carinthia;15
2058;Upper Austria;15
2059;Styria;15
2060;Vienna;15
2061;Salzburg;15
2062;Burgenland;15
2063;Vorarlberg;15
2064;Tyrol;15
2065;Lower Austria;15
2066;Mid-Western;154
2067;Western;154
2068;Far-Western Development;154
2069;Eastern Development;154
2070;Mechi Zone;154
2071;Bheri Zone;154
2072;Kosi Zone;154
2073;Central;154
2074;Lumbini Zone;154
2075;Narayani Zone;154
2076;Janakpur Zone;154
2077;Rapti Zone;154
2078;Seti Zone;154
2079;Karnali Zone;154
2080;Dhaulagiri Zone;154
2081;Gandaki Zone;154
2082;Bagmati Zone;154
2083;Mahakali Zone;154
2084;Sagarmatha Zone;154
2085;Unity;206
2086;Upper Nile;206
2087;Warrap;206
2088;Northern Bahr el Ghazal;206
2089;Western Equatoria;206
2090;Lakes;206
2091;Western Bahr el Ghazal;206
2092;Central Equatoria;206
2093;Eastern Equatoria;206
2094;Jonglei;206
2095;Karditsaal Unit;85
2096;West Greece;85
2097;Thessalonikial Unit;85
2098;Arcadia;85
2099;Imathiaal Unit;85
2100;Kastoriaal Unit;85
2101;Euboea;85
2102;Grevena;85
2103;Preveza;85
2104;Lefkadaal Unit;85
2105;Argolisal Unit;85
2106;Laconia;85
2107;Pellaal Unit;85
2108;West Macedonia;85
2109;Crete;85
2110;Epirus;85
2111;Kilkisal Unit;85
2112;Kozani;85
2113;Ioanninaal Unit;85
2114;Phthiotis;85
2115;Chaniaal Unit;85
2116;Achaeaal Unit;85
2117;East Macedonia and Thrace;85
2118;South Aegean;85
2119;Peloponnese;85
2120;East Atticaal Unit;85
2121;Serres;85
2122;Attica;85
2123;Aetolia-Acarnaniaal Unit;85
2124;Corfu;85
2125;Central Macedonia;85
2126;Boeotiaal Unit;85
2127;Kefalonia;85
2128;Central Greece;85
2129;Corinthiaal Unit;85
2130;Dramaal Unit;85
2131;Ionian Islands;85
2132;Larissa;85
2133;Kayin;151
2134;Mandalay;151
2135;Yangon;151
2136;Magway;151
2137;Chin;151
2138;Rakhine;151
2139;Shan;151
2140;Tanintharyi;151
2141;Bago;151
2142;Ayeyarwady;151
2143;Kachin;151
2144;Kayah;151
2145;Sagaing;151
2146;Naypyidaw Union Territory;151
2147;Mon;151
2148;Bartın;225
2149;Kütahya;225
2150;Sakarya;225
2151;Edirne;225
2152;Van;225
2153;Bingöl;225
2154;Kilis;225
2155;Adıyaman;225
2156;Mersin;225
2157;Denizli;225
2158;Malatya;225
2159;Elazığ;225
2160;Erzincan;225
2161;Amasya;225
2162;Muş;225
2163;Bursa;225
2164;Eskişehir;225
2165;Erzurum;225
2166;Iğdır;225
2167;Tekirdağ;225
2168;Çankırı;225
2169;Antalya;225
2170;Istanbul;225
2171;Konya;225
2172;Bolu;225
2173;Çorum;225
2174;Ordu;225
2175;Balıkesir;225
2176;Kırklareli;225
2177;Bayburt;225
2178;Kırıkkale;225
2179;Afyonkarahisar;225
2180;Kırşehir;225
2181;Sivas;225
2182;Muğla;225
2183;Şanlıurfa;225
2184;Karaman;225
2185;Ardahan;225
2186;Giresun;225
2187;Aydın;225
2188;Yozgat;225
2189;Niğde;225
2190;Hakkâri;225
2191;Artvin;225
2192;Tunceli;225
2193;Ağrı;225
2194;Batman;225
2195;Kocaeli;225
2196;Nevşehir;225
2197;Kastamonu;225
2198;Manisa;225
2199;Tokat;225
2200;Kayseri;225
2201;Uşak;225
2202;Düzce;225
2203;Gaziantep;225
2204;Gümüşhane;225
2205;İzmir;225
2206;Trabzon;225
2207;Siirt;225
2208;Kars;225
2209;Burdur;225
2210;Aksaray;225
2211;Hatay;225
2212;Adana;225
2213;Zonguldak;225
2214;Osmaniye;225
2215;Bitlis;225
2216;Çanakkale;225
2217;Ankara;225
2218;Yalova;225
2219;Rize;225
2220;Samsun;225
2221;Bilecik;225
2222;Isparta;225
2223;Karabük;225
2224;Mardin;225
2225;Şırnak;225
2226;Diyarbakır;225
2227;Kahramanmaraş;225
2228;Lisbon;177
2229;Bragança;177
2230;Beja;177
2231;Madeira;177
2232;Portalegre;177
2233;Azores;177
2234;Vila Real;177
2235;Aveiro;177
2236;Évora;177
2237;Viseu;177
2238;Santarém;177
2239;Faro;177
2240;Leiria;177
2241;Castelo Branco;177
2242;Setúbal;177
2243;Porto;177
2244;Braga;177
2245;Viana do Castelo;177
2246;Coimbra;177
2247;Zhejiang;45
2248;Fujian;45
2249;Shanghai;45
2250;Jiangsu;45
2251;Anhui;45
2252;Shandong;45
2253;Jilin;45
2254;Shanxi;45
2255;Taiwan, People's Republic of China;45
2256;Jiangxi;45
2257;Beijing;45
2258;Hunan;45
2259;Henan;45
2260;Yunnan;45
2261;Guizhou;45
2262;Ningxia Hui Autonomous;45
2263;Xinjiang;45
2264;Tibet Autonomous;45
2265;Heilongjiang;45
2266;Macau;45
2267;Hong Kong;45
2268;Liaoning;45
2269;Inner Mongolia;45
2270;Qinghai;45
2271;Chongqing;45
2272;Shaanxi;45
2273;Hainan;45
2274;Hubei;45
2275;Gansu;45
2276;Keelung;45
2277;Sichuan;45
2278;Guangxi Zhuang Autonomous;45
2279;Guangdong;45
2280;Hebei;45
2281;South Governorate;121
2282;Mount Lebanon Governorate;121
2283;Baalbek-Hermel Governorate;121
2284;North Governorate;121
2285;Akkar Governorate;121
2286;Beirut Governorate;121
2287;Beqaa Governorate;121
2288;Nabatieh Governorate;121
2289;Isle of Wight;232
2290;St Helens;232
2291;London Borough of Brent;232
2292;Walsall;232
2293;Trafford;232
2294;City of Southampton;232
2295;Sheffield;232
2296;West Sussex;232
2297;City of Peterborough;232
2298;Caerphilly Borough;232
2299;Vale of Glamorgan;232
2300;Shetland Islands;232
2301;Rhondda Cynon Taf;232
2302;Poole;232
2303;Central Bedfordshire;232
2304;Down Council;232
2305;City of Portsmouth;232
2306;London Borough of Haringey;232
2307;London Borough of Bexley;232
2308;Rotherham;232
2309;Hartlepool;232
2310;Telford and Wrekin;232
2311;Belfast;232
2312;Cornwall;232
2313;London Borough of Sutton;232
2314;Omagh Council;232
2315;Banbridge;232
2316;Causeway Coast and Glens;232
2317;Newtownabbey Borough Council;232
2318;City of Leicester;232
2319;London Borough of Islington;232
2320;Metropolitan Borough of Wigan;232
2321;Oxfordshire;232
2322;Magherafelt Council;232
2323;Southend-on-Sea;232
2324;Armagh, Banbridge and Craigavon;232
2325;Perth and Kinross;232
2326;London Borough of Waltham Forest;232
2327;Rochdale;232
2328;Merthyr Tydfil Borough;232
2329;Blackburn with Darwen;232
2330;Knowsley;232
2331;Armagh City and Council;232
2332;Middlesbrough;232
2333;East Renfrewshire;232
2334;Cumbria;232
2335;Scotland;232
2336;England;232
2337;Northern Ireland;232
2338;Wales;232
2339;Bath and North East Somerset;232
2340;Liverpool;232
2341;Sandwell;232
2342;Bournemouth;232
2343;Isles of Scilly;232
2344;Falkirk;232
2345;Dorset;232
2346;Scottish Borders;232
2347;London Borough of Havering;232
2348;Moyle Council;232
2349;London Borough of Camden;232
2350;Newry and Mourne Council;232
2351;Neath Port Talbot Borough;232
2352;Conwy Borough;232
2353;Outer Hebrides;232
2354;West Lothian;232
2355;Lincolnshire;232
2356;London Borough of Barking and Dagenham;232
2357;City of Westminster;232
2358;London Borough of Lewisham;232
2359;City of Nottingham;232
2360;Moray;232
2361;Ballymoney;232
2362;South Lanarkshire;232
2363;Ballymena Borough;232
2364;Doncaster;232
2365;Northumberland;232
2366;Fermanagh and Omagh;232
2367;Tameside;232
2368;Royal Borough of Kensington and Chelsea;232
2369;Hertfordshire;232
2370;East Riding of Yorkshire;232
2371;Kirklees;232
2372;City of Sunderland;232
2373;Gloucestershire;232
2374;East Ayrshire;232
2375;United Kingdom;232
2376;London Borough of Hillingdon;232
2377;South Ayrshire;232
2378;Ascension Island;232
2379;Gwynedd;232
2380;London Borough of Hounslow;232
2381;Medway;232
2382;Limavady Borough Council;232
2383;Highland;232
2384;North East Lincolnshire;232
2385;London Borough of Harrow;232
2386;Somerset;232
2387;Angus;232
2388;Inverclyde;232
2389;Darlington;232
2390;London Borough of Tower Hamlets;232
2391;Wiltshire;232
2392;Argyll and Bute;232
2393;Strabane Council;232
2394;Stockport;232
2395;Brighton and Hove;232
2396;London Borough of Lambeth;232
2397;London Borough of Redbridge;232
2398;Manchester;232
2399;Mid Ulster;232
2400;South Gloucestershire;232
2401;Aberdeenshire;232
2402;Monmouthshire;232
2403;Derbyshire;232
2404;Glasgow;232
2405;Buckinghamshire;232
2406;County Durham;232
2407;Shropshire;232
2408;Wirral;232
2409;South Tyneside;232
2410;Essex;232
2411;London Borough of Hackney;232
2412;Antrim and Newtownabbey;232
2413;City of Bristol;232
2414;East Sussex;232
2415;Dumfries and Galloway;232
2416;Milton Keynes;232
2417;Derry City Council;232
2418;London Borough of Newham;232
2419;Wokingham;232
2420;Warrington;232
2421;Stockton-on-Tees;232
2422;Swindon;232
2423;Cambridgeshire;232
2424;City of London;232
2425;Birmingham;232
2426;City of York;232
2427;Slough;232
2428;Edinburgh;232
2429;Mid and East Antrim;232
2430;North Somerset;232
2431;Gateshead;232
2432;London Borough of Southwark;232
2433;City and of Swansea;232
2434;London Borough of Wandsworth;232
2435;Hampshire;232
2436;Wrexham Borough;232
2437;Flintshire;232
2438;Coventry;232
2439;Carrickfergus Borough Council;232
2440;West Dunbartonshire;232
2441;Powys;232
2442;Cheshire West and Chester;232
2443;Renfrewshire;232
2444;Cheshire East;232
2445;Cookstown Council;232
2446;Derry City and Strabane;232
2447;Staffordshire;232
2448;London Borough of Hammersmith and Fulham;232
2449;Craigavon Borough Council;232
2450;Clackmannanshire;232
2451;Blackpool;232
2452;Bridgend Borough;232
2453;North Lincolnshire;232
2454;East Dunbartonshire;232
2455;Reading;232
2456;Nottinghamshire;232
2457;Dudley;232
2458;Newcastle upon Tyne;232
2459;Bury;232
2460;Lisburn and Castlereagh;232
2461;Coleraine Borough Council;232
2462;East Lothian;232
2463;Aberdeen;232
2464;Kent;232
2465;Wakefield;232
2466;Halton;232
2467;Suffolk;232
2468;Thurrock;232
2469;Solihull;232
2470;Bracknell Forest;232
2471;West Berkshire;232
2472;Rutland;232
2473;Norfolk;232
2474;Orkney Islands;232
2475;City of Kingston upon Hull;232
2476;London Borough of Enfield;232
2477;Oldham;232
2478;Torbay;232
2479;Fife;232
2480;Northamptonshire;232
2481;Royal Borough of Kingston upon Thames;232
2482;Windsor and Maidenhead;232
2483;London Borough of Merton;232
2484;Carmarthenshire;232
2485;City of Derby;232
2486;Pembrokeshire;232
2487;North Lanarkshire;232
2488;Stirling;232
2489;City of Wolverhampton;232
2490;London Borough of Bromley;232
2491;Devon;232
2492;Royal Borough of Greenwich;232
2493;Salford;232
2494;Lisburn City Council;232
2495;Lancashire;232
2496;Torfaen;232
2497;Denbighshire;232
2498;Ards;232
2499;Barnsley;232
2500;Herefordshire;232
2501;London Borough of Richmond upon Thames;232
2502;Saint Helena;232
2503;Leeds;232
2504;Bolton;232
2505;Warwickshire;232
2506;City of Stoke-on-Trent;232
2507;Bedford;232
2508;Dungannon and South Tyrone Borough Council;232
2509;Ceredigion;232
2510;Worcestershire;232
2511;Dundee;232
2512;London Borough of Croydon;232
2513;North Down Borough Council;232
2514;City of Plymouth;232
2515;Larne Borough Council;232
2516;Leicestershire;232
2517;Calderdale;232
2518;Sefton;232
2519;Midlothian;232
2520;London Borough of Barnet;232
2521;North Tyneside;232
2522;North Yorkshire;232
2523;Ards and North Down;232
2524;Newport;232
2525;Castlereagh;232
2526;Surrey;232
2527;Redcar and Cleveland;232
2528;City and of Cardiff;232
2529;Bradford;232
2530;Blaenau Gwent Borough;232
2531;Fermanagh Council;232
2532;London Borough of Ealing;232
2533;Antrim;232
2534;Newry, Mourne and Down;232
2535;North Ayrshire;232
2536;Tashkent;236
2537;Namangan;236
2538;Fergana;236
2539;Xorazm;236
2540;Andijan;236
2541;Bukhara;236
2542;Navoiy;236
2543;Qashqadaryo;236
2544;Samarqand;236
2545;Jizzakh;236
2546;Surxondaryo;236
2547;Sirdaryo;236
2548;Karakalpakstan;236
2549;Tashkent;236
2550;Ariana Governorate;224
2551;Bizerte Governorate;224
2552;Jendouba Governorate;224
2553;Monastir Governorate;224
2554;Tunis Governorate;224
2555;Manouba Governorate;224
2556;Gafsa Governorate;224
2557;Sfax Governorate;224
2558;Gabès Governorate;224
2559;Tataouine Governorate;224
2560;Medenine Governorate;224
2561;Kef Governorate;224
2562;Kebili Governorate;224
2563;Siliana Governorate;224
2564;Kairouan Governorate;224
2565;Zaghouan Governorate;224
2566;Ben Arous Governorate;224
2567;Sidi Bouzid Governorate;224
2568;Mahdia Governorate;224
2569;Tozeur Governorate;224
2570;Kasserine Governorate;224
2571;Sousse Governorate;224
2572;Kassrine;224
2573;Ratak Chain;137
2574;Ralik Chain;137
2575;Centrale;220
2576;Maritime;220
2577;Plateaux;220
2578;Savanes;220
2579;Kara;220
2580;Chuuk;143
2581;Pohnpei;143
2582;Yap;143
2583;Kosrae;143
2584;Vaavu Atoll;133
2585;Shaviyani Atoll;133
2586;Haa Alif Atoll;133
2587;Alif Alif Atoll;133
2588;North;133
2589;North Central;133
2590;Dhaalu Atoll;133
2591;Thaa Atoll;133
2592;Noonu Atoll;133
2593;Upper South;133
2594;Addu Atoll;133
2595;Gnaviyani Atoll;133
2596;Kaafu Atoll;133
2597;Haa Dhaalu Atoll;133
2598;Gaafu Alif Atoll;133
2599;Faafu Atoll;133
2600;Alif Dhaal Atoll;133
2601;Laamu Atoll;133
2602;Raa Atoll;133
2603;Gaafu Dhaalu Atoll;133
2604;Central;133
2605;South;133
2606;South Central;133
2607;Lhaviyani Atoll;133
2608;Meemu Atoll;133
2609;Malé;133
2610;Utrecht;156
2611;Gelderland;156
2612;North Holland;156
2613;Drenthe;156
2614;South Holland;156
2615;Limburg;156
2616;Sint Eustatius;156
2617;Groningen;156
2618;Overijssel;156
2619;Flevoland;156
2620;Zeeland;156
2621;Saba;156
2622;Friesland;156
2623;North Brabant;156
2624;Bonaire;156
2625;Savanes;54
2626;Agnéby;54
2627;Lagunes;54
2628;Sud-Bandama;54
2629;Montagnes;54
2630;Moyen-Comoé;54
2631;Marahoué;54
2632;Lacs;54
2633;Fromager;54
2634;Abidjan;54
2635;Bas-Sassandra;54
2636;Bafing;54
2637;Vallée du Bandama;54
2638;Haut-Sassandra;54
2639;Lagunes;54
2640;Lacs;54
2641;Zanzan;54
2642;Denguélé;54
2643;Bas-Sassandra;54
2644;Denguélé;54
2645;Dix-Huit Montagnes;54
2646;Moyen-Cavally;54
2647;Vallée du Bandama;54
2648;Sassandra-Marahoué;54
2649;Worodougou;54
2650;Woroba;54
2651;Gôh-Djiboua;54
2652;Sud-Comoé;54
2653;Yamoussoukro;54
2654;Comoé;54
2655;N'zi-Comoé;54
2656;Far North;38
2657;Northwest;38
2658;Southwest;38
2659;South;38
2660;Centre;38
2661;East;38
2662;Littoral;38
2663;Adamawa;38
2664;West;38
2665;North;38
2666;Banjul;80
2667;West Coast Division;80
2668;Upper River Division;80
2669;Central River Division;80
2670;Lower River Division;80
2671;North Bank Division;80
2672;Beyla;92
2673;Mandiana;92
2674;Yomou;92
2675;Fria;92
2676;Boké;92
2677;Labé;92
2678;Nzérékoré;92
2679;Dabola;92
2680;Labé;92
2681;Dubréka;92
2682;Faranah;92
2683;Forécariah;92
2684;Nzérékoré;92
2685;Gaoual;92
2686;Conakry;92
2687;Télimélé;92
2688;Dinguiraye;92
2689;Mamou;92
2690;Lélouma;92
2691;Kissidougou;92
2692;Koubia;92
2693;Kindia;92
2694;Pita;92
2695;Kouroussa;92
2696;Tougué;92
2697;Kankan;92
2698;Mamou;92
2699;Boffa;92
2700;Mali;92
2701;Kindia;92
2702;Macenta;92
2703;Koundara;92
2704;Kankan;92
2705;Coyah;92
2706;Dalaba;92
2707;Siguiri;92
2708;Lola;92
2709;Boké;92
2710;Kérouané;92
2711;Guéckédou;92
2712;Tombali;93
2713;Cacheu;93
2714;Biombo;93
2715;Quinara;93
2716;Sul;93
2717;Norte;93
2718;Oio;93
2719;Gabú;93
2720;Bafatá;93
2721;Leste;93
2722;Bolama;93
2723;Woleu-Ntem;79
2724;Ogooué-Ivindo;79
2725;Nyanga;79
2726;Haut-Ogooué;79
2727;Estuaire;79
2728;Ogooué-Maritime;79
2729;Ogooué-Lolo;79
2730;Moyen-Ogooué;79
2731;Ngounié;79
2732;Tshuapa;51
2733;Tanganyika;51
2734;Haut-Uele;51
2735;Kasaï-Oriental;51
2736;Orientale;51
2737;Kasaï-Occidental;51
2738;South Kivu;51
2739;Nord-Ubangi;51
2740;Kwango;51
2741;Kinshasa;51
2742;Katanga;51
2743;Sankuru;51
2744;Équateur;51
2745;Maniema;51
2746;Bas-Congo;51
2747;Lomami;51
2748;Sud-Ubangi;51
2749;North Kivu;51
2750;Haut-Katanga;51
2751;Ituri Interim Administration;51
2752;Mongala;51
2753;Bas-Uele;51
2754;Bandundu;51
2755;Mai-Ndombe;51
2756;Tshopo;51
2757;Kasaï;51
2758;Haut-Lomami;51
2759;Kwilu;51
2760;Cuyuni-Mazaruni;94
2761;Potaro-Siparuni;94
2762;Mahaica-Berbice;94
2763;Upper Demerara-Berbice;94
2764;Barima-Waini;94
2765;Pomeroon-Supenaam;94
2766;East Berbice-Corentyne;94
2767;Demerara-Mahaica;94
2768;Essequibo Islands-West Demerara;94
2769;Upper Takutu-Upper Essequibo;94
2770;Presidente Hayes;172
2771;Canindeyú;172
2772;Guairá;172
2773;Caaguazú;172
2774;Paraguarí;172
2775;Caazapá;172
2776;San Pedro;172
2777;Central;172
2778;Itapúa;172
2779;Concepción;172
2780;Boquerón;172
2781;Ñeembucú;172
2782;Amambay;172
2783;Cordillera;172
2784;Alto Paraná;172
2785;Alto Paraguay;172
2786;Misiones;172
2787;Jaffna;208
2788;Kandy;208
2789;Kalutara;208
2790;Badulla;208
2791;Hambantota;208
2792;Galle;208
2793;Kilinochchi;208
2794;Nuwara Eliya;208
2795;Trincomalee;208
2796;Puttalam;208
2797;Kegalle;208
2798;Central;208
2799;Ampara;208
2800;North Central;208
2801;Southern;208
2802;Western;208
2803;Sabaragamuwa;208
2804;Gampaha;208
2805;Mannar;208
2806;Matara;208
2807;Ratnapura;208
2808;Eastern;208
2809;Vavuniya;208
2810;Matale;208
2811;Uva;208
2812;Polonnaruwa;208
2813;Northern;208
2814;Mullaitivu;208
2815;Colombo;208
2816;Anuradhapura;208
2817;North Western;208
2818;Batticaloa;208
2819;Monaragala;208
2820;Mohéli;49
2821;Anjouan;49
2822;Grande Comore;49
2823;Atacama;44
2824;Santiago Metropolitan;44
2825;Coquimbo;44
2826;Araucanía;44
2827;Bío Bío;44
2828;Aysén;44
2829;Arica y Parinacota;44
2830;Valparaíso;44
2831;Ñuble;44
2832;Antofagasta;44
2833;Maule;44
2834;Los Ríos;44
2835;Los Lagos;44
2836;Magellan and the Chilean Antarctic;44
2837;Tarapacá;44
2838;O'Higgins;44
2839;Commewijne;210
2840;Nickerie;210
2841;Para;210
2842;Coronie;210
2843;Paramaribo;210
2844;Wanica;210
2845;Marowijne;210
2846;Brokopondo;210
2847;Sipaliwini;210
2848;Saramacca;210
2849;Riyadh;194
2850;Makkah;194
2851;Al Madinah;194
2852;Tabuk;194
2853;'Asir;194
2854;Northern Borders;194
2855;Ha'il;194
2856;Eastern;194
2857;Al Jawf;194
2858;Jizan;194
2859;Al Bahah;194
2860;Najran;194
2861;Al-Qassim;194
2862;Plateaux;50
2863;Pointe-Noire;50
2864;Cuvette;50
2865;Likouala;50
2866;Bouenza;50
2867;Kouilou;50
2868;Lékoumou;50
2869;Cuvette-Ouest;50
2870;Brazzaville;50
2871;Sangha;50
2872;Niari;50
2873;Pool;50
2874;Quindío;48
2875;Cundinamarca;48
2876;Chocó;48
2877;Norte de Santander;48
2878;Meta;48
2879;Risaralda;48
2880;Atlántico;48
2881;Arauca;48
2882;Guainía;48
2883;Tolima;48
2884;Cauca;48
2885;Vaupés;48
2886;Magdalena;48
2887;Caldas;48
2888;Guaviare;48
2889;La Guajira;48
2890;Antioquia;48
2891;Caquetá;48
2892;Casanare;48
2893;Bolívar;48
2894;Vichada;48
2895;Amazonas;48
2896;Putumayo;48
2897;Nariño;48
2898;Córdoba;48
2899;Cesar;48
2900;San Andrés, Providencia y Santa Catalina;48
2901;Santander;48
2902;Sucre;48
2903;Boyacá;48
2904;Valle del Cauca;48
2905;Galápagos;64
2906;Sucumbíos;64
2907;Pastaza;64
2908;Tungurahua;64
2909;Zamora-Chinchipe;64
2910;Los Ríos;64
2911;Imbabura;64
2912;Santa Elena;64
2913;Manabí;64
2914;Guayas;64
2915;Carchi;64
2916;Napo;64
2917;Cañar;64
2918;Morona-Santiago;64
2919;Santo Domingo de los Tsáchilas;64
2920;Bolívar;64
2921;Cotopaxi;64
2922;Esmeraldas;64
2923;Azuay;64
2924;El Oro;64
2925;Chimborazo;64
2926;Orellana;64
2927;Pichincha;64
2928;Obock;60
2929;Djibouti;60
2930;Dikhil;60
2931;Tadjourah;60
2932;Arta;60
2933;Ali Sabieh;60
2934;Hama Governorate;215
2935;Rif Dimashq Governorate;215
2936;As-Suwayda Governorate;215
2937;Deir ez-Zor Governorate;215
2938;Latakia Governorate;215
2939;Damascus Governorate;215
2940;Idlib Governorate;215
2941;Al-Hasakah Governorate;215
2942;Homs Governorate;215
2943;Quneitra Governorate;215
2944;Al-Raqqah Governorate;215
2945;Daraa Governorate;215
2946;Aleppo Governorate;215
2947;Tartus Governorate;215
2948;Fianarantsoa;130
2949;Toliara;130
2950;Antsiranana;130
2951;Antananarivo;130
2952;Toamasina;130
2953;Mahajanga;130
2954;Mogilev;21
2955;Gomel;21
2956;Grodno;21
2957;Minsk;21
2958;Minsk;21
2959;Brest;21
2960;Vitebsk;21
2961;Murqub;124
2962;Nuqat al Khams;124
2963;Zawiya;124
2964;Al Wahat;124
2965;Sabha;124
2966;Derna;124
2967;Murzuq;124
2968;Marj;124
2969;Ghat;124
2970;Jufra;124
2971;Tripoli;124
2972;Kufra;124
2973;Wadi al Hayaa;124
2974;Jabal al Gharbi;124
2975;Wadi al Shatii;124
2976;Nalut;124
2977;Sirte;124
2978;Misrata;124
2979;Jafara;124
2980;Jabal al Akhdar;124
2981;Benghazi;124
2982;Ribeira Brava;40
2983;Tarrafal;40
2984;Ribeira Grande de Santiago;40
2985;Santa Catarina;40
2986;São Domingos;40
2987;Mosteiros;40
2988;Praia;40
2989;Porto Novo;40
2990;São Miguel;40
2991;Maio;40
2992;Sotavento Islands;40
2993;São Lourenço dos Órgãos;40
2994;Barlavento Islands;40
2995;Santa Catarina do Fogo;40
2996;Brava;40
2997;Paul;40
2998;Sal;40
2999;Boa Vista;40
3000;São Filipe;40
3001;São Vicente;40
3002;Ribeira Grande;40
3003;Tarrafal de São Nicolau;40
3004;Santa Cruz;40
3005;Schleswig-Holstein;82
3006;Baden-Württemberg;82
3007;Mecklenburg-Vorpommern;82
3008;Lower Saxony;82
3009;Bavaria;82
3010;Berlin;82
3011;Saxony-Anhalt;82
3012;Brandenburg;82
3013;Bremen;82
3014;Thuringia;82
3015;Hamburg;82
3016;North Rhine-Westphalia;82
3017;Hesse;82
3018;Rhineland-Palatinate;82
3019;Saarland;82
3020;Saxony;82
3021;Mafeteng;122
3022;Mohale's Hoek;122
3023;Mokhotlong;122
3024;Qacha's Nek;122
3025;Leribe;122
3026;Quthing;122
3027;Maseru;122
3028;Butha-Buthe;122
3029;Berea;122
3030;Thaba-Tseka;122
3031;Montserrado;123
3032;River Cess;123
3033;Bong;123
3034;Sinoe;123
3035;Grand Cape Mount;123
3036;Lofa;123
3037;River Gee;123
3038;Grand Gedeh;123
3039;Grand Bassa;123
3040;Bomi;123
3041;Maryland;123
3042;Margibi;123
3043;Gbarpolu;123
3044;Grand Kru;123
3045;Nimba;123
3046;Ad Dhahirah Governorate;166
3047;Al Batinah North Governorate;166
3048;Al Batinah South Governorate;166
3049;Al Batinah;166
3050;Ash Sharqiyah;166
3051;Musandam Governorate;166
3052;Ash Sharqiyah North Governorate;166
3053;Ash Sharqiyah South Governorate;166
3054;Muscat Governorate;166
3055;Al Wusta Governorate;166
3056;Dhofar Governorate;166
3057;Ad Dakhiliyah Governorate;166
3058;Al Buraimi Governorate;166
3059;Ngamiland;29
3060;Ghanzi;29
3061;Kgatleng;29
3062;Southern;29
3063;South-East;29
3064;North-West;29
3065;Kgalagadi;29
3066;Central;29
3067;North-East;29
3068;Kweneng;29
3069;Collines;24
3070;Kouffo;24
3071;Donga;24
3072;Zou;24
3073;Plateau;24
3074;Mono;24
3075;Atakora;24
3076;Alibori;24
3077;Borgou;24
3078;Atlantique;24
3079;Ouémé;24
3080;Littoral;24
3081;Machinga;131
3082;Zomba;131
3083;Mwanza;131
3084;Nsanje;131
3085;Salima;131
3086;Chitipa;131
3087;Ntcheu;131
3088;Rumphi;131
3089;Dowa;131
3090;Karonga;131
3091;Central;131
3092;Likoma;131
3093;Kasungu;131
3094;Nkhata Bay;131
3095;Balaka;131
3096;Dedza;131
3097;Thyolo;131
3098;Mchinji;131
3099;Nkhotakota;131
3100;Lilongwe;131
3101;Blantyre;131
3102;Mulanje;131
3103;Mzimba;131
3104;Northern;131
3105;Southern;131
3106;Chikwawa;131
3107;Phalombe;131
3108;Chiradzulu;131
3109;Mangochi;131
3110;Ntchisi;131
3111;Kénédougou;35
3112;Namentenga;35
3113;Sahel;35
3114;Centre-Ouest;35
3115;Nahouri;35
3116;Passoré;35
3117;Zoundwéogo;35
3118;Sissili;35
3119;Banwa;35
3120;Bougouriba;35
3121;Gnagna;35
3122;Mouhoun;35
3123;Yagha;35
3124;Plateau-Central;35
3125;Sanmatenga;35
3126;Centre-Nord;35
3127;Tapoa;35
3128;Houet;35
3129;Zondoma;35
3130;Boulgou;35
3131;Komondjari;35
3132;Koulpélogo;35
3133;Tuy;35
3134;Ioba;35
3135;Centre;35
3136;Sourou;35
3137;Boucle du Mouhoun;35
3138;Séno;35
3139;Sud-Ouest;35
3140;Oubritenga;35
3141;Nayala;35
3142;Gourma;35
3143;Oudalan;35
3144;Ziro;35
3145;Kossi;35
3146;Kourwéogo;35
3147;Ganzourgou;35
3148;Centre-Sud;35
3149;Yatenga;35
3150;Loroum;35
3151;Bazèga;35
3152;Cascades;35
3153;Sanguié;35
3154;Bam;35
3155;Noumbiel;35
3156;Kompienga;35
3157;Est;35
3158;Léraba;35
3159;Balé;35
3160;Kouritenga;35
3161;Centre-Est;35
3162;Poni;35
3163;Nord, Burkina Faso;35
3164;Hauts-Bassins;35
3165;Soum;35
3166;Comoé;35
3167;Kadiogo;35
3168;Islamabad Capital Territory;167
3169;Gilgit-Baltistan;167
3170;Khyber Pakhtunkhwa;167
3171;Azad Kashmir;167
3172;Federally Administered Tribal Areas;167
3173;Balochistan;167
3174;Sindh;167
3175;Punjab;167
3176;Al Rayyan;179
3177;Al-Shahaniya;179
3178;Al Wakrah;179
3179;Madinat ash Shamal;179
3180;Doha;179
3181;Al Daayen;179
3182;Al Khor;179
3183;Umm Salal;179
3184;Rumonge;36
3185;Muyinga;36
3186;Mwaro;36
3187;Makamba;36
3188;Rutana;36
3189;Cibitoke;36
3190;Ruyigi;36
3191;Kayanza;36
3192;Muramvya;36
3193;Karuzi;36
3194;Kirundo;36
3195;Bubanza;36
3196;Gitega;36
3197;Bujumbura Mairie;36
3198;Ngozi;36
3199;Bujumbura Rural;36
3200;Cankuzo;36
3201;Bururi;36
3202;Flores;235
3203;San José;235
3204;Artigas;235
3205;Maldonado;235
3206;Rivera;235
3207;Colonia;235
3208;Durazno;235
3209;Río Negro;235
3210;Cerro Largo;235
3211;Paysandú;235
3212;Canelones;235
3213;Treinta y Tres;235
3214;Lavalleja;235
3215;Rocha;235
3216;Florida;235
3217;Montevideo;235
3218;Soriano;235
3219;Salto;235
3220;Tacuarembó;235
3221;Kafr el-Sheikh Governorate;65
3222;Cairo Governorate;65
3223;Damietta Governorate;65
3224;Aswan Governorate;65
3225;Sohag Governorate;65
3226;North Sinai Governorate;65
3227;Monufia Governorate;65
3228;Port Said Governorate;65
3229;Beni Suef Governorate;65
3230;Matrouh Governorate;65
3231;Qalyubia Governorate;65
3232;Suez Governorate;65
3233;Gharbia Governorate;65
3234;Alexandria Governorate;65
3235;Asyut Governorate;65
3236;South Sinai Governorate;65
3237;Faiyum Governorate;65
3238;Giza Governorate;65
3239;Red Sea Governorate;65
3240;Beheira Governorate;65
3241;Luxor Governorate;65
3242;Minya Governorate;65
3243;Ismailia Governorate;65
3244;Dakahlia Governorate;65
3245;New Valley Governorate;65
3246;Qena Governorate;65
3247;Agaléga;140
3248;Rodrigues;140
3249;Pamplemousses;140
3250;Cargados Carajos;140
3251;Vacoas-Phoenix;140
3252;Moka;140
3253;Flacq;140
3254;Curepipe;140
3255;Port Louis;140
3256;Savanne;140
3257;Quatre Bornes;140
3258;Rivière Noire;140
3259;Port Louis;140
3260;Rivière du Rempart;140
3261;Beau Bassin-Rose Hill;140
3262;Plaines Wilhems;140
3263;Grand Port;140
3264;Guelmim;149
3265;Aousserd;149
3266;Al Hoceïma;149
3267;Larache;149
3268;Ouarzazate;149
3269;Boulemane;149
3270;Oriental;149
3271;Béni-Mellal;149
3272;Sidi Youssef Ben Ali;149
3273;Chichaoua;149
3274;Boujdour;149
3275;Khémisset;149
3276;Tiznit;149
3277;Béni Mellal-Khénifra;149
3278;Sidi Kacem;149
3279;El Jadida;149
3280;Nador;149
3281;Settat;149
3282;Zagora;149
3283;Mediouna;149
3284;Berkane;149
3285;Tan-Tan;149
3286;Nouaceur;149
3287;Marrakesh-Safi;149
3288;Sefrou;149
3289;Drâa-Tafilalet;149
3290;El Hajeb;149
3291;Es Semara;149
3292;Laâyoune;149
3293;Inezgane-Aït Melloul;149
3294;Souss-Massa;149
3295;Taza;149
3296;Assa-Zag;149
3297;Laâyoune-Sakia El Hamra;149
3298;Errachidia;149
3299;Fahs Anjra;149
3300;Figuig;149
3301;Shtouka Ait Baha;149
3302;Casablanca-Settat;149
3303;Ben Slimane;149
3304;Guelmim-Oued Noun;149
3305;Dakhla-Oued Ed-Dahab;149
3306;Jerada;149
3307;Kénitra;149
3308;Kelaat Sraghna;149
3309;Chefchaouen;149
3310;Safi;149
3311;Tata;149
3312;Fès-Meknès;149
3313;Taroudant;149
3314;Moulay Yacoub;149
3315;Essaouira;149
3316;Khénifra;149
3317;Tétouan;149
3318;Oued Ed-Dahab;149
3319;Al Haouz;149
3320;Azilal;149
3321;Taourirt;149
3322;Taounate;149
3323;Tanger-Tétouan-Al Hoceïma;149
3324;Ifrane;149
3325;Khouribga;149
3326;Cabo Delgado;150
3327;Zambezia;150
3328;Gaza;150
3329;Inhambane;150
3330;Sofala;150
3331;Maputo;150
3332;Niassa;150
3333;Tete;150
3334;Maputo;150
3335;Nampula;150
3336;Manica;150
3337;Hodh Ech Chargui;139
3338;Brakna;139
3339;Tiris Zemmour;139
3340;Gorgol;139
3341;Inchiri;139
3342;Nouakchott-Nord;139
3343;Adrar;139
3344;Tagant;139
3345;Dakhlet Nouadhibou;139
3346;Nouakchott-Sud;139
3347;Trarza;139
3348;Assaba;139
3349;Guidimaka;139
3350;Hodh El Gharbi;139
3351;Nouakchott-Ouest;139
3352;Western Tobago;223
3353;Couva-Tabaquite-Talparoal Corporation;223
3354;Eastern Tobago;223
3355;Rio Claro-Mayaroal Corporation;223
3356;San Juan-Laventilleal Corporation;223
3357;Tunapuna-Piarcoal Corporation;223
3358;San Fernando;223
3359;Point Fortin;223
3360;Sangre Grandeal Corporation;223
3361;Arima;223
3362;Port of Spain;223
3363;Sipariaal Corporation;223
3364;Penal-Debeal Corporation;223
3365;Chaguanas;223
3366;Diego Martinal Corporation;223
3367;Princes Townal Corporation;223
3368;Mary;226
3369;Lebap;226
3370;Ashgabat;226
3371;Balkan;226
3372;Daşoguz;226
3373;Ahal;226
3374;Beni;27
3375;Oruro;27
3376;Santa Cruz;27
3377;Tarija;27
3378;Pando;27
3379;La Paz;27
3380;Cochabamba;27
3381;Chuquisaca;27
3382;Potosí;27
3383;Saint George;188
3384;Saint Patrick;188
3385;Saint Andrew;188
3386;Saint David;188
3387;Grenadines;188
3388;Charlotte;188
3389;Sharjah Emirate;231
3390;Dubai;231
3391;Umm al-Quwain;231
3392;Fujairah;231
3393;Ras al-Khaimah;231
3394;Ajman Emirate;231
3395;Abu Dhabi Emirate;231
3396;districts of Republican Subordination;217
3397;Khatlon;217
3398;Gorno-Badakhshan Autonomous;217
3399;Sughd;217
3400;Tainan;216
3401;Yilan;216
3402;Penghu;216
3403;Changhua;216
3404;Pingtung;216
3405;Taichung;216
3406;Nantou;216
3407;Chiayi;216
3408;Kaohsiung;216
3409;Taitung;216
3410;Hualien;216
3411;Kaohsiung;216
3412;Miaoli;216
3413;Taichung;216
3414;Kinmen;216
3415;Yunlin;216
3416;Hsinchu;216
3417;Chiayi City;216
3418;Taoyuan City;216
3419;Lienchiang;216
3420;Tainan;216
3421;Taipei;216
3422;Hsinchu;216
3423;Northern Red Sea;68
3424;Anseba;68
3425;Maekel;68
3426;Debub;68
3427;Gash-Barka;68
3428;Southern Red Sea;68
3429;Southern Peninsula;100
3430;Capital;100
3431;Westfjords;100
3432;Eastern;100
3433;Southern;100
3434;Northwestern;100
3435;Western;100
3436;Northeastern;100
3437;Río Muni;67
3438;Kié-Ntem;67
3439;Wele-Nzas;67
3440;Litoral;67
3441;Insular;67
3442;Bioko Sur;67
3443;Annobón;67
3444;Centro Sur;67
3445;Bioko Norte;67
3446;Chihuahua;142
3447;Oaxaca;142
3448;Sinaloa;142
3449;México;142
3450;Chiapas;142
3451;Nuevo León;142
3452;Durango;142
3453;Tabasco;142
3454;Querétaro;142
3455;Aguascalientes;142
3456;Baja California;142
3457;Tlaxcala;142
3458;Guerrero;142
3459;Baja California Sur;142
3460;San Luis Potosí;142
3461;Zacatecas;142
3462;Tamaulipas;142
3463;Veracruz;142
3464;Morelos;142
3465;Yucatán;142
3466;Quintana Roo;142
3467;Sonora;142
3468;Guanajuato;142
3469;Hidalgo;142
3470;Coahuila;142
3471;Colima;142
3472;Mexico City;142
3473;Michoacán;142
3474;Campeche;142
3475;Puebla;142
3476;Nayarit;142
3477;Krabi;219
3478;Ranong;219
3479;Nong Bua Lam Phu;219
3480;Samut Prakan;219
3481;Surat Thani;219
3482;Lamphun;219
3483;Nong Khai;219
3484;Khon Kaen;219
3485;Chanthaburi;219
3486;Saraburi;219
3487;Phatthalung;219
3488;Uttaradit;219
3489;Sing Buri;219
3490;Chiang Mai;219
3491;Nakhon Sawan;219
3492;Yala;219
3493;Phra Nakhon Si Ayutthaya;219
3494;Nonthaburi;219
3495;Trat;219
3496;Nakhon Ratchasima;219
3497;Chiang Rai;219
3498;Ratchaburi;219
3499;Pathum Thani;219
3500;Sakon Nakhon;219
3501;Samut Songkhram;219
3502;Nakhon Pathom;219
3503;Samut Sakhon;219
3504;Mae Hong Son;219
3505;Phitsanulok;219
3506;Pattaya;219
3507;Prachuap Khiri Khan;219
3508;Loei;219
3509;Roi Et;219
3510;Kanchanaburi;219
3511;Ubon Ratchathani;219
3512;Chon Buri;219
3513;Phichit;219
3514;Phetchabun;219
3515;Kamphaeng Phet;219
3516;Maha Sarakham;219
3517;Rayong;219
3518;Ang Thong;219
3519;Nakhon Si Thammarat;219
3520;Yasothon;219
3521;Chai Nat;219
3522;Amnat Charoen;219
3523;Suphanburi;219
3524;Tak;219
3525;Chumphon;219
3526;Udon Thani;219
3527;Phrae;219
3528;Sa Kaeo;219
3529;Nan;219
3530;Surin;219
3531;Phetchaburi;219
3532;Bueng Kan;219
3533;Buri Ram;219
3534;Nakhon Nayok;219
3535;Phuket;219
3536;Satun;219
3537;Phayao;219
3538;Songkhla;219
3539;Pattani;219
3540;Trang;219
3541;Prachin Buri;219
3542;Lopburi;219
3543;Lampang;219
3544;Sukhothai;219
3545;Mukdahan;219
3546;Si Sa Ket;219
3547;Nakhon Phanom;219
3548;Phang Nga;219
3549;Kalasin;219
3550;Uthai Thani;219
3551;Chachoengsao;219
3552;Narathiwat;219
3553;Bangkok;219
3554;Hiiu;69
3555;Viljandi;69
3556;Tartu;69
3557;Valga;69
3558;Rapla;69
3559;Võru;69
3560;Saare;69
3561;Pärnu;69
3562;Põlva;69
3563;Lääne-Viru;69
3564;Jõgeva;69
3565;Järva;69
3566;Harju;69
3567;Lääne;69
3568;Ida-Viru;69
3569;Moyen-Chari;43
3570;Mayo-Kebbi Ouest;43
3571;Sila;43
3572;Hadjer-Lamis;43
3573;Borkou;43
3574;Ennedi-Est;43
3575;Guéra;43
3576;Lac;43
3577;Ennedi;43
3578;Tandjilé;43
3579;Mayo-Kebbi Est;43
3580;Wadi Fira;43
3581;Ouaddaï;43
3582;Bahr el Gazel;43
3583;Ennedi-Ouest;43
3584;Logone Occidental;43
3585;N'Djamena;43
3586;Tibesti;43
3587;Kanem;43
3588;Mandoul;43
3589;Batha;43
3590;Logone Oriental;43
3591;Salamat;43
3592;Berry Islands;17
3593;Nichollstown and Berry Islands;17
3594;Green Turtle Cay;17
3595;Central Eleuthera;17
3596;Governor's Harbour;17
3597;High Rock;17
3598;West Grand Bahama;17
3599;Rum Cay;17
3600;Acklins;17
3601;North Eleuthera;17
3602;Central Abaco;17
3603;Marsh Harbour;17
3604;Black Point;17
3605;Sandy Point;17
3606;South Eleuthera;17
3607;South Abaco;17
3608;Inagua;17
3609;Long Island;17
3610;Cat Island;17
3611;Exuma;17
3612;Harbour Island;17
3613;East Grand Bahama;17
3614;Ragged Island;17
3615;North Abaco;17
3616;North Andros;17
3617;Kemps Bay;17
3618;Fresh Creek;17
3619;San Salvador and Rum Cay;17
3620;Crooked Island;17
3621;South Andros;17
3622;Rock Sound;17
3623;Hope Town;17
3624;Mangrove Cay;17
3625;Freeport;17
3626;San Salvador Island;17
3627;Acklins and Crooked Islands;17
3628;Bimini;17
3629;Spanish Wells;17
3630;Central Andros;17
3631;Grand Cay;17
3632;Mayaguana;17
3633;San Juan;11
3634;Santiago del Estero;11
3635;San Luis;11
3636;Tucumán;11
3637;Corrientes;11
3638;Río Negro;11
3639;Chaco;11
3640;Santa Fe;11
3641;Córdoba;11
3642;Salta;11
3643;Misiones;11
3644;Jujuy;11
3645;Mendoza;11
3646;Catamarca;11
3647;Neuquén;11
3648;Santa Cruz;11
3649;Tierra del Fuego;11
3650;Chubut;11
3651;Formosa;11
3652;La Rioja;11
3653;Entre Ríos;11
3654;La Pampa;11
3655;Buenos Aires;11
3656;Quiché;90
3657;Jalapa;90
3658;Izabal;90
3659;Suchitepéquez;90
3660;Sololá;90
3661;El Progreso;90
3662;Totonicapán;90
3663;Retalhuleu;90
3664;Santa Rosa;90
3665;Chiquimula;90
3666;San Marcos;90
3667;Quetzaltenango;90
3668;Petén;90
3669;Huehuetenango;90
3670;Alta Verapaz;90
3671;Guatemala;90
3672;Jutiapa;90
3673;Baja Verapaz;90
3674;Chimaltenango;90
3675;Sacatepéquez;90
3676;Escuintla;90
3677;Madre de Dios;173
3678;Huancavelica;173
3679;Áncash;173
3680;Arequipa;173
3681;Puno;173
3682;La Libertad;173
3683;Ucayali;173
3684;Amazonas;173
3685;Pasco;173
3686;Huanuco;173
3687;Cajamarca;173
3688;Tumbes;173
3689;Cusco;173
3690;Ayacucho;173
3691;Junín;173
3692;San Martín;173
3693;Lima;173
3694;Tacna;173
3695;Piura;173
3696;Moquegua;173
3697;Apurímac;173
3698;Ica;173
3699;Callao;173
3700;Lambayeque;173
3701;Redonda;10
3702;Saint Peter;10
3703;Saint Paul;10
3704;Saint John;10
3705;Saint Mary;10
3706;Barbuda;10
3707;Saint George;10
3708;Saint Philip;10
3709;South Bačka;196
3710;Pirot;196
3711;South Banat;196
3712;North Bačka;196
3713;Jablanica;196
3714;Central Banat;196
3715;Bor;196
3716;Toplica;196
3717;Mačva;196
3718;Rasina;196
3719;Pčinja;196
3720;Nišava;196
3721;Prizren;248
3722;Kolubara;196
3723;Raška;196
3724;West Bačka;196
3725;Moravica;196
3726;Belgrade;196
3727;Zlatibor;196
3728;Zaječar;196
3729;Braničevo;196
3730;Vojvodina;196
3731;Šumadija;196
3732;North Banat;196
3733;Pomoravlje;196
3734;Peć;248
3735;Srem;196
3736;Podunavlje;196
3737;Westmoreland;108
3738;Saint Elizabeth;108
3739;Saint Ann;108
3740;Saint James;108
3741;Saint Catherine;108
3742;Saint Mary;108
3743;Kingston;108
3744;Hanover;108
3745;Saint Thomas;108
3746;Saint Andrew;108
3747;Portland;108
3748;Clarendon;108
3749;Manchester;108
3750;Trelawny;108
3751;Dennery Quarter;186
3752;Anse la Raye Quarter;186
3753;Castries Quarter;186
3754;Laborie Quarter;186
3755;Choiseul Quarter;186
3756;Canaries;186
3757;Micoud Quarter;186
3758;Vieux Fort Quarter;186
3759;Soufrière Quarter;186
3760;Praslin Quarter;186
3761;Gros Islet Quarter;186
3762;Dauphin Quarter;186
3763;Hưng Yên;240
3764;Đồng Tháp;240
3765;Bà Rịa-Vũng Tàu;240
3766;Thanh Hóa;240
3767;Kon Tum;240
3768;Điện Biên;240
3769;Vĩnh Phúc;240
3770;Thái Bình;240
3771;Quảng Nam;240
3772;Hậu Giang;240
3773;Cà Mau;240
3774;Hà Giang;240
3775;Nghệ An;240
3776;Tiền Giang;240
3777;Cao Bằng;240
3778;Haiphong;240
3779;Yên Bái;240
3780;Bình Dương;240
3781;Ninh Bình;240
3782;Bình Thuận;240
3783;Ninh Thuận;240
3784;Nam Định;240
3785;Vĩnh Long;240
3786;Bắc Ninh;240
3787;Lạng Sơn;240
3788;Khánh Hòa;240
3789;An Giang;240
3790;Tuyên Quang;240
3791;Bến Tre;240
3792;Bình Phước;240
3793;Thừa Thiên-Huế;240
3794;Hòa Bình;240
3795;Kiên Giang;240
3796;Phú Thọ;240
3797;Hà Nam;240
3798;Quảng Trị;240
3799;Bạc Liêu;240
3800;Trà Vinh;240
3801;Da Nang;240
3802;Thái Nguyên;240
3803;Long An;240
3804;Quảng Bình;240
3805;Hanoi;240
3806;Ho Chi Minh City;240
3807;Sơn La;240
3808;Gia Lai;240
3809;Quảng Ninh;240
3810;Bắc Giang;240
3811;Hà Tĩnh;240
3812;Lào Cai;240
3813;Lâm Đồng;240
3814;Sóc Trăng;240
3815;Hà Tây;240
3816;Đồng Nai;240
3817;Bắc Kạn;240
3818;Đắk Nông;240
3819;Phú Yên;240
3820;Lai Châu;240
3821;Tây Ninh;240
3822;Hải Dương;240
3823;Quảng Ngãi;240
3824;Đắk Lắk;240
3825;Bình Định;240
3826;Saint Peter Basseterre;185
3827;Nevis;185
3828;Christ Church Nichola Town;185
3829;Saint Paul Capisterre;185
3830;Saint James Windward;185
3831;Saint Anne Sandy Point;185
3832;Saint George Gingerland;185
3833;Saint Paul Charlestown;185
3834;Saint Thomas Lowland;185
3835;Saint John Figtree;185
3836;Saint Kitts;185
3837;Saint Thomas Middle Island;185
3838;Trinity Palmetto Point;185
3839;Saint Mary Cayon;185
3840;Saint John Capisterre;185
3841;Daegu;116
3842;Gyeonggi;116
3843;Incheon;116
3844;Seoul;116
3845;Daejeon;116
3846;North Jeolla;116
3847;Ulsan;116
3848;Jeju;116
3849;North Chungcheong;116
3850;North Gyeongsang;116
3851;South Jeolla;116
3852;South Gyeongsang;116
3853;Gwangju;116
3854;South Chungcheong;116
3855;Busan;116
3856;Sejong City;116
3857;Gangwon;116
3858;Saint Patrick;87
3859;Saint George;87
3860;Saint Andrew;87
3861;Saint Mark;87
3862;Carriacou and Petite Martinique;87
3863;Saint John;87
3864;Saint David;87
3865;Ghazni;1
3866;Badghis;1
3867;Bamyan;1
3868;Helmand;1
3869;Zabul;1
3870;Baghlan;1
3871;Kunar;1
3872;Paktika;1
3873;Khost;1
3874;Kapisa;1
3875;Nuristan;1
3876;Panjshir;1
3877;Nangarhar;1
3878;Samangan;1
3879;Balkh;1
3880;Sar-e Pol;1
3881;Jowzjan;1
3882;Herat;1
3883;Ghōr;1
3884;Faryab;1
3885;Kandahar;1
3886;Laghman;1
3887;Daykundi;1
3888;Takhar;1
3889;Paktia;1
3890;Parwan;1
3891;Nimruz;1
3892;Logar;1
3893;Urozgan;1
3894;Farah;1
3895;Kunduz;1
3896;Badakhshan;1
3897;Kabul;1
3898;Victoria;14
3899;South Australia;14
3900;Queensland;14
3901;Western Australia;14
3902;Australian Capital Territory;14
3903;Tasmania;14
3904;New South Wales;14
3905;Northern Territory;14
3906;Vavaʻu;222
3907;Tongatapu;222
3908;Haʻapai;222
3909;Niuas;222
3910;ʻEua;222
3911;Markazi;103
3912;Khuzestan;103
3913;Ilam;103
3914;Kermanshah;103
3915;Gilan;103
3916;Chaharmahal and Bakhtiari;103
3917;Qom;103
3918;Isfahan;103
3919;West Azarbaijan;103
3920;Zanjan;103
3921;Kohgiluyeh and Boyer-Ahmad;103
3922;Razavi Khorasan;103
3923;Lorestan;103
3924;Alborz;103
3925;South Khorasan;103
3926;Sistan and Baluchestan;103
3927;Bushehr;103
3928;Golestan;103
3929;Ardabil;103
3930;Kurdistan;103
3931;Yazd;103
3932;Hormozgan;103
3933;Mazandaran;103
3934;Fars;103
3935;Semnan;103
3936;Qazvin;103
3937;North Khorasan;103
3938;Kerman;103
3939;East Azerbaijan;103
3940;Tehran;103
3941;Niutao Island Council;228
3942;Nanumanga;228
3943;Nui;228
3944;Nanumea;228
3945;Vaitupu;228
3946;Funafuti;228
3947;Nukufetau;228
3948;Nukulaelae;228
3949;Dhi Qar Governorate;104
3950;Babylon Governorate;104
3951;Al-Qādisiyyah Governorate;104
3952;Karbala Governorate;104
3953;Al Muthanna Governorate;104
3954;Baghdad Governorate;104
3955;Basra Governorate;104
3956;Saladin Governorate;104
3957;Najaf Governorate;104
3958;Nineveh Governorate;104
3959;Al Anbar Governorate;104
3960;Diyala Governorate;104
3961;Maysan Governorate;104
3962;Dohuk Governorate;104
3963;Erbil Governorate;104
3964;Sulaymaniyah Governorate;104
3965;Wasit Governorate;104
3966;Kirkuk Governorate;104
3967;Svay Rieng;37
3968;Preah Vihear;37
3969;Prey Veng;37
3970;Takéo;37
3971;Battambang;37
3972;Pursat;37
3973;Kep;37
3974;Kampong Chhnang;37
3975;Pailin;37
3976;Kampot;37
3977;Koh Kong;37
3978;Kandal;37
3979;Banteay Meanchey;37
3980;Mondulkiri;37
3981;Kratié;37
3982;Oddar Meanchey;37
3983;Kampong Speu;37
3984;Sihanoukville;37
3985;Ratanakiri;37
3986;Kampong Cham;37
3987;Siem Reap;37
3988;Stung Treng;37
3989;Phnom Penh;37
3990;North Hamgyong;115
3991;Ryanggang;115
3992;South Pyongan;115
3993;Chagang;115
3994;Kangwon;115
3995;South Hamgyong;115
3996;Rason;115
3997;North Pyongan;115
3998;South Hwanghae;115
3999;North Hwanghae;115
4000;Pyongyang;115
4001;Meghalaya;101
4002;Haryana;101
4003;Maharashtra;101
4004;Goa;101
4005;Manipur;101
4006;Puducherry;101
4007;Telangana;101
4008;Odisha;101
4009;Rajasthan;101
4010;Punjab;101
4011;Uttarakhand;101
4012;Andhra Pradesh;101
4013;Nagaland;101
4014;Lakshadweep;101
4015;Himachal Pradesh;101
4016;Delhi;101
4017;Uttar Pradesh;101
4018;Andaman and Nicobar Islands;101
4019;Arunachal Pradesh;101
4020;Jharkhand;101
4021;Karnataka;101
4022;Assam;101
4023;Kerala;101
4024;Jammu and Kashmir;101
4025;Gujarat;101
4026;Chandigarh;101
4027;Dadra and Nagar Haveli;101
4028;Daman and Diu;101
4029;Sikkim;101
4030;Tamil Nadu;101
4031;Mizoram;101
4032;Bihar;101
4033;Tripura;101
4034;Madhya Pradesh;101
4035;Chhattisgarh;101
4036;Choluteca;97
4037;Comayagua;97
4038;El Paraíso;97
4039;Intibucá;97
4040;Bay Islands;97
4041;Cortés;97
4042;Atlántida;97
4043;Gracias a Dios;97
4044;Copán;97
4045;Olancho;97
4046;Colón;97
4047;Francisco Morazán;97
4048;Santa Bárbara;97
4049;Lempira;97
4050;Valle;97
4051;Ocotepeque;97
4052;Yoro;97
4053;La Paz;97
4054;Northland;158
4055;Manawatu-Wanganui;158
4056;Waikato;158
4057;Otago;158
4058;Marlborough;158
4059;West Coast;158
4060;Wellington;158
4061;Canterbury;158
4062;Chatham Islands;158
4063;Gisborne;158
4064;Taranaki;158
4065;Nelson;158
4066;Southland;158
4067;Auckland;158
4068;Tasman;158
4069;Bay of Plenty;158
4070;Hawke's Bay;158
4071;Saint John;61
4072;Saint Mark;61
4073;Saint David;61
4074;Saint George;61
4075;Saint Patrick;61
4076;Saint Peter;61
4077;Saint Andrew;61
4078;Saint Luke;61
4079;Saint Paul;61
4080;Saint Joseph;61
4081;El Seibo;62
4082;La Romana;62
4083;Sánchez Ramírez;62
4084;Hermanas Mirabal;62
4085;Barahona;62
4086;San Cristóbal;62
4087;Puerto Plata;62
4088;Santo Domingo;62
4089;María Trinidad Sánchez;62
4090;Distrito Nacional;62
4091;Peravia;62
4092;Independencia;62
4093;San Juan;62
4094;Monseñor Nouel;62
4095;Santiago Rodríguez;62
4096;Pedernales;62
4097;Espaillat;62
4098;Samaná;62
4099;Valverde;62
4100;Baoruco;62
4101;Hato Mayor;62
4102;Dajabón;62
4103;Santiago;62
4104;La Altagracia;62
4105;San Pedro de Macorís;62
4106;Monte Plata;62
4107;San José de Ocoa;62
4108;Duarte;62
4109;Azua;62
4110;Monte Cristi;62
4111;La Vega;62
4112;Nord;95
4113;Nippes;95
4114;Grand'Anse;95
4115;Ouest;95
4116;Nord-Est;95
4117;Sud;95
4118;Artibonite;95
4119;Sud-Est;95
4120;Centre;95
4121;Nord-Ouest;95
4122;San Vicente;66
4123;Santa Ana;66
4124;Usulután;66
4125;Morazán;66
4126;Chalatenango;66
4127;Cabañas;66
4128;San Salvador;66
4129;La Libertad;66
4130;San Miguel;66
4131;La Paz;66
4132;Cuscatlán;66
4133;La Unión;66
4134;Ahuachapán;66
4135;Sonsonate;66
4136;Braslovče;201
4137;Lenart;201
4138;Oplotnica;201
4139;Velike Lašče;201
4140;Hajdina;201
4141;Podčetrtek;201
4142;Cankova;201
4143;Vitanje;201
4144;Sežana;201
4145;Kidričevo;201
4146;Črenšovci;201
4147;Idrija;201
4148;Trnovska Vas;201
4149;Vodice;201
4150;Ravne na Koroškem;201
4151;Lovrenc na Pohorju;201
4152;Majšperk;201
4153;Loški Potok;201
4154;Domžale;201
4155;Rečica ob Savinji;201
4156;Podlehnik;201
4157;Cerknica;201
4158;Vransko;201
4159;Sveta Ana;201
4160;Brezovica;201
4161;Benedikt;201
4162;Divača;201
4163;Moravče;201
4164;Slovenj Gradec City;201
4165;Škocjan;201
4166;Šentjur;201
4167;Pesnica;201
4168;Dol pri Ljubljani;201
4169;Loška Dolina;201
4170;Hoče–Slivnica;201
4171;Cerkvenjak;201
4172;Naklo;201
4173;Cerkno;201
4174;Bistrica ob Sotli;201
4175;Kamnik;201
4176;Bovec;201
4177;Zavrč;201
4178;Ajdovščina;201
4179;Pivka;201
4180;Štore;201
4181;Kozje;201
4182;Municipality of Škofljica;201
4183;Prebold;201
4184;Dobrovnik;201
4185;Mozirje;201
4186;City of Celje;201
4187;Žiri;201
4188;Horjul;201
4189;Tabor;201
4190;Radeče;201
4191;Vipava;201
4192;Kungota;201
4193;Slovenske Konjice;201
4194;Osilnica;201
4195;Borovnica;201
4196;Piran;201
4197;Bled;201
4198;Jezersko;201
4199;Rače–Fram;201
4200;Nova Gorica City;201
4201;Razkrižje;201
4202;Ribnica na Pohorju;201
4203;Muta;201
4204;Rogatec;201
4205;Gorišnica;201
4206;Kuzma;201
4207;Mislinja;201
4208;Duplek;201
4209;Trebnje;201
4210;Brežice;201
4211;Dobrepolje;201
4212;Grad;201
4213;Moravske Toplice;201
4214;Luče;201
4215;Miren–Kostanjevica;201
4216;Ormož;201
4217;Šalovci;201
4218;Miklavž na Dravskem Polju;201
4219;Makole;201
4220;Lendava;201
4221;Vuzenica;201
4222;Kanal ob Soči;201
4223;Ptuj City;201
4224;Sveti Andraž v Slovenskih Goricah;201
4225;Selnica ob Dravi;201
4226;Radovljica;201
4227;Črna na Koroškem;201
4228;Rogaška Slatina;201
4229;Podvelka;201
4230;Ribnica;201
4231;City of Novo Mesto;201
4232;Mirna Peč;201
4233;Križevci;201
4234;Poljčane;201
4235;Brda;201
4236;Šentjernej;201
4237;Maribor City;201
4238;Kobarid;201
4239;Markovci;201
4240;Vojnik;201
4241;Trbovlje;201
4242;Tolmin;201
4243;Šoštanj;201
4244;Žetale;201
4245;Tržič;201
4246;Turnišče;201
4247;Dobrna;201
4248;Renče–Vogrsko;201
4249;Kostanjevica na Krki;201
4250;Sveti Jurij ob Ščavnici;201
4251;Železniki;201
4252;Veržej;201
4253;Žalec;201
4254;Starše;201
4255;Sveta Trojica v Slovenskih Goricah;201
4256;Solčava;201
4257;Vrhnika;201
4258;Središče ob Dravi;201
4259;Rogašovci;201
4260;Mežica;201
4261;Juršinci;201
4262;Velika Polana;201
4263;Sevnica;201
4264;Zagorje ob Savi;201
4265;Ljubljana City;201
4266;Gornji Petrovci;201
4267;Polzela;201
4268;Sveti Tomaž;201
4269;Prevalje;201
4270;Radlje ob Dravi;201
4271;Žirovnica;201
4272;Sodražica;201
4273;Bloke;201
4274;Šmartno pri Litiji;201
4275;Ruše;201
4276;Dolenjske Toplice;201
4277;Bohinj;201
4278;Komenda;201
4279;Gorje;201
4280;Šmarje pri Jelšah;201
4281;Ig;201
4282;Kranj City;201
4283;Puconci;201
4284;Šmarješke Toplice;201
4285;Dornava;201
4286;Črnomelj;201
4287;Radenci;201
4288;Gorenja Vas–Poljane;201
4289;Ljubno;201
4290;Dobje;201
4291;Šmartno ob Paki;201
4292;Mokronog–Trebelno;201
4293;Mirna;201
4294;Šenčur;201
4295;Videm;201
4296;Beltinci;201
4297;Lukovica;201
4298;Preddvor;201
4299;Destrnik;201
4300;Ivančna Gorica;201
4301;Log–Dragomer;201
4302;Žužemberk;201
4303;Dobrova–Polhov Gradec;201
4304;Municipality of Cirkulane;201
4305;Cerklje na Gorenjskem;201
4306;Šentrupert;201
4307;Tišina;201
4308;Murska Sobota City;201
4309;Municipality of Krško;201
4310;Komen;201
4311;Škofja Loka;201
4312;Šempeter–Vrtojba;201
4313;Municipality of Apače;201
4314;Koper City;201
4315;Odranci;201
4316;Hrpelje–Kozina;201
4317;Izola;201
4318;Metlika;201
4319;Šentilj;201
4320;Kobilje;201
4321;Ankaran;201
4322;Hodoš;201
4323;Sveti Jurij v Slovenskih Goricah;201
4324;Nazarje;201
4325;Postojna;201
4326;Kostel;201
4327;Slovenska Bistrica;201
4328;Straža;201
4329;Trzin;201
4330;Kočevje;201
4331;Grosuplje;201
4332;Jesenice;201
4333;Laško;201
4334;Gornji Grad;201
4335;Kranjska Gora;201
4336;Hrastnik;201
4337;Zreče;201
4338;Gornja Radgona;201
4339;Municipality of Ilirska Bistrica;201
4340;Dravograd;201
4341;Semič;201
4342;Litija;201
4343;Mengeš;201
4344;Medvode;201
4345;Logatec;201
4346;Ljutomer;201
4347;Banská Bystrica;200
4348;Košice;200
4349;Prešov;200
4350;Trnava;200
4351;Bratislava;200
4352;Nitra;200
4353;Trenčín;200
4354;Žilina;200
4355;Cimișlia;144
4356;Orhei;144
4357;Bender;144
4358;Nisporeni;144
4359;Sîngerei;144
4360;Căușeni;144
4361;Călărași;144
4362;Glodeni;144
4363;Anenii Noi;144
4364;Ialoveni;144
4365;Florești;144
4366;Telenești;144
4367;Taraclia;144
4368;Chișinău;144
4369;Soroca;144
4370;Briceni;144
4371;Rîșcani;144
4372;Strășeni;144
4373;Ștefan Vodă;144
4374;Basarabeasca;144
4375;Cantemir;144
4376;Fălești;144
4377;Hîncești;144
4378;Dubăsari;144
4379;Dondușeni;144
4380;Gagauzia;144
4381;Ungheni;144
4382;Edineț;144
4383;Șoldănești;144
4384;Ocnița;144
4385;Criuleni;144
4386;Cahul;144
4387;Drochia;144
4388;Bălți;144
4389;Rezina;144
4390;Transnistria autonomous territorial unit;144
4391;Salacgrīva;120
4392;Vecumnieki;120
4393;Naukšēni;120
4394;Ilūkste;120
4395;Gulbene;120
4396;Līvāni;120
4397;Salaspils;120
4398;Ventspils;120
4399;Rundāle;120
4400;Pļaviņas;120
4401;Vārkava;120
4402;Jaunpiebalga;120
4403;Sēja;120
4404;Tukums;120
4405;Cibla;120
4406;Burtnieki;120
4407;Ķegums;120
4408;Krustpils;120
4409;Cesvaine;120
4410;Skrīveri;120
4411;Ogre;120
4412;Olaine;120
4413;Limbaži;120
4414;Lubāna;120
4415;Kandava;120
4416;Ventspils;120
4417;Krimulda;120
4418;Rugāji;120
4419;Jelgava;120
4420;Valka;120
4421;Rūjiena;120
4422;Babīte;120
4423;Dundaga;120
4424;Priekule;120
4425;Zilupe;120
4426;Varakļāni;120
4427;Nereta;120
4428;Madona;120
4429;Sala;120
4430;Ķekava;120
4431;Nīca;120
4432;Dobele;120
4433;Jēkabpils;120
4434;Saldus;120
4435;Roja;120
4436;Iecava;120
4437;Ozolnieki;120
4438;Saulkrasti;120
4439;Ērgļi;120
4440;Aglona;120
4441;Jūrmala;120
4442;Skrunda;120
4443;Engure;120
4444;Inčukalns;120
4445;Mārupe;120
4446;Mērsrags;120
4447;Koknese;120
4448;Kārsava;120
4449;Carnikava;120
4450;Rēzekne;120
4451;Viesīte;120
4452;Ape;120
4453;Durbe;120
4454;Talsi;120
4455;Liepāja;120
4456;Mālpils;120
4457;Smiltene;120
4458;Daugavpils;120
4459;Jēkabpils;120
4460;Bauska;120
4461;Vecpiebalga;120
4462;Pāvilosta;120
4463;Brocēni;120
4464;Cēsis;120
4465;Grobiņa;120
4466;Beverīna;120
4467;Aizkraukle;120
4468;Valmiera;120
4469;Krāslava;120
4470;Jaunjelgava;120
4471;Sigulda;120
4472;Viļaka;120
4473;Stopiņi;120
4474;Rauna;120
4475;Tērvete;120
4476;Auce;120
4477;Baldone;120
4478;Preiļi;120
4479;Aloja;120
4480;Alsunga;120
4481;Viļāni;120
4482;Alūksne;120
4483;Līgatne;120
4484;Jaunpils;120
4485;Kuldīga;120
4486;Riga;120
4487;Daugavpils;120
4488;Ropaži;120
4489;Strenči;120
4490;Kocēni;120
4491;Aizpute;120
4492;Amata;120
4493;Baltinava;120
4494;Aknīste;120
4495;Jelgava;120
4496;Ludza;120
4497;Riebiņi;120
4498;Rucava;120
4499;Dagda;120
4500;Balvi;120
4501;Priekuļi;120
4502;Pārgauja;120
4503;Vaiņode;120
4504;Rēzekne;120
4505;Garkalne;120
4506;Ikšķile;120
4507;Lielvārde;120
4508;Mazsalaca;120
4509;Viqueque;63
4510;Liquiçá;63
4511;Ermera;63
4512;Manatuto;63
4513;Ainaro;63
4514;Manufahi;63
4515;Aileu;63
4516;Baucau;63
4517;Cova Lima;63
4518;Lautém;63
4519;Dili;63
4520;Bobonaro;63
4521;Peleliu;168
4522;Ngardmau;168
4523;Airai;168
4524;Hatohobei;168
4525;Melekeok;168
4526;Ngatpang;168
4527;Koror;168
4528;Ngarchelong;168
4529;Ngiwal;168
4530;Sonsorol;168
4531;Ngchesar;168
4532;Ngaraard;168
4533;Angaur;168
4534;Kayangel;168
4535;Aimeliik;168
4536;Ngeremlengui;168
4537;Břeclav;58
4538;Český Krumlov;58
4539;Plzeň-City;58
4540;Brno-Country;58
4541;Příbram;58
4542;Pardubice;58
4543;Nový Jičín;58
4544;Prague 12;58
4545;Náchod;58
4546;Prostějov;58
4547;Zlín;58
4548;Chomutov;58
4549;Central Bohemian;58
4550;Prague 13;58
4551;České Budějovice;58
4552;Prague 5;58
4553;Rakovník;58
4554;Frýdek-Místek;58
4555;Písek;58
4556;Hodonín;58
4557;Prague 1;58
4558;Zlín;58
4559;Plzeň-North;58
4560;Tábor;58
4561;Prague 9;58
4562;Prague 16;58
4563;Brno-City;58
4564;Prague 6;58
4565;Prague 11;58
4566;Svitavy;58
4567;Vsetín;58
4568;Cheb;58
4569;Olomouc;58
4570;Vysočina;58
4571;Ústí nad Labem;58
4572;Horní Počernice;58
4573;Prachatice;58
4574;Trutnov;58
4575;Hradec Králové;58
4576;Karlovy Vary;58
4577;Nymburk;58
4578;Rokycany;58
4579;Ostrava-City;58
4580;Prague 14;58
4581;Karviná;58
4582;Prague 4;58
4583;Pardubice;58
4584;Olomouc;58
4585;Liberec;58
4586;Klatovy;58
4587;Uherské Hradiště;58
4588;Kroměříž;58
4589;Prague 8;58
4590;Sokolov;58
4591;Semily;58
4592;Třebíč;58
4593;Prague;58
4594;Ústí nad Labem;58
4595;Moravian-Silesian;58
4596;Liberec;58
4597;South Moravian;58
4598;Prague 10;58
4599;Karlovy Vary;58
4600;Litoměřice;58
4601;Prague-East;58
4602;Plzeň;58
4603;Plzeň-South;58
4604;Děčín;58
4605;Prague 7;58
4606;Havlíčkův Brod;58
4607;Jablonec nad Nisou;58
4608;Jihlava;58
4609;Hradec Králové;58
4610;Blansko;58
4611;Prague 2;58
4612;Louny;58
4613;Kolín;58
4614;Prague-West;58
4615;Beroun;58
4616;Teplice;58
4617;Vyškov;58
4618;Opava;58
4619;Jindřichův Hradec;58
4620;Jeseník;58
4621;Přerov;58
4622;Benešov;58
4623;Strakonice;58
4624;Most;58
4625;Znojmo;58
4626;Kladno;58
4627;Prague 21;58
4628;Česká Lípa;58
4629;Chrudim;58
4630;Prague 3;58
4631;Rychnov nad Kněžnou;58
4632;Prague 15;58
4633;Mělník;58
4634;South Bohemian;58
4635;Jičín;58
4636;Domažlice;58
4637;Šumperk;58
4638;Mladá Boleslav;58
4639;Bruntál;58
4640;Pelhřimov;58
4641;Tachov;58
4642;Ústí nad Orlicí;58
4643;Žďár nad Sázavou;58
4644;North East Community Development Council;199
4645;South East Community Development Council;199
4646;Central Singapore Community Development Council;199
4647;South West Community Development Council;199
4648;North West Community Development Council;199
4649;Ewa;153
4650;Uaboe;153
4651;Aiwo;153
4652;Meneng;153
4653;Anabar;153
4654;Nibok;153
4655;Baiti;153
4656;Ijuw;153
4657;Buada;153
4658;Anibare;153
4659;Yaren;153
4660;Boe;153
4661;Denigomodu;153
4662;Anetan;153
4663;Zhytomyr Oblast;230
4664;Vinnytsia Oblast;230
4665;Zakarpattia Oblast;230
4666;Kyiv Oblast;230
4667;Lviv Oblast;230
4668;Luhansk Oblast;230
4669;Ternopil Oblast;230
4670;Dnipropetrovsk Oblast;230
4671;Kiev;230
4672;Kirovohrad Oblast;230
4673;Chernivtsi Oblast;230
4674;Mykolaiv Oblast;230
4675;Cherkasy Oblast;230
4676;Khmelnytsky Oblast;230
4677;Ivano-Frankivsk Oblast;230
4678;Rivne Oblast;230
4679;Kherson Oblast;230
4680;Sumy Oblast;230
4681;Kharkiv Oblast;230
4682;Zaporizhzhya Oblast;230
4683;Odessa Oblast;230
4684;Autonomous Republic of Crimea;230
4685;Volyn Oblast;230
4686;Donetsk Oblast;230
4687;Chernihiv Oblast;230
4688;Gabrovo;34
4689;Smolyan;34
4690;Pernik;34
4691;Montana;34
4692;Vidin;34
4693;Razgrad;34
4694;Blagoevgrad;34
4695;Sliven;34
4696;Plovdiv;34
4697;Kardzhali;34
4698;Kyustendil;34
4699;Haskovo;34
4700;Sofia City;34
4701;Pleven;34
4702;Stara Zagora;34
4703;Silistra;34
4704;Veliko Tarnovo;34
4705;Lovech;34
4706;Vratsa;34
4707;Pazardzhik;34
4708;Ruse;34
4709;Targovishte;34
4710;Burgas;34
4711;Yambol;34
4712;Varna;34
4713;Dobrich;34
4714;Sofia;34
4715;Suceava;181
4716;Hunedoara;181
4717;Arges;181
4718;Bihor;181
4719;Alba;181
4720;Ilfov;181
4721;Giurgiu;181
4722;Tulcea;181
4723;Teleorman;181
4724;Prahova;181
4725;Bucharest;181
4726;Neamț;181
4727;Călărași;181
4728;Bistrița-Năsăud;181
4729;Cluj;181
4730;Iași;181
4731;Braila;181
4732;Constanța;181
4733;Olt;181
4734;Arad;181
4735;Botoșani;181
4736;Sălaj;181
4737;Dolj;181
4738;Ialomița;181
4739;Bacău;181
4740;Dâmbovița;181
4741;Satu Mare;181
4742;Galați;181
4743;Timiș;181
4744;Harghita;181
4745;Gorj;181
4746;Mehedinți;181
4747;Vaslui;181
4748;Caraș-Severin;181
4749;Covasna;181
4750;Sibiu;181
4751;Buzău;181
4752;Vâlcea;181
4753;Vrancea;181
4754;Brașov;181
4755;Maramureș;181
4756;Aiga-i-le-Tai;191
4757;Satupa'itea;191
4758;A'ana;191
4759;Fa'asaleleaga;191
4760;Atua;191
4761;Vaisigano;191
4762;Palauli;191
4763;Va'a-o-Fonoti;191
4764;Gaga'emauga;191
4765;Tuamasaga;191
4766;Gaga'ifomauga;191
4767;Torba;237
4768;Penama;237
4769;Shefa;237
4770;Malampa;237
4771;Sanma;237
4772;Tafea;237
4773;Honiara;202
4774;Temotu;202
4775;Isabel;202
4776;Choiseul;202
4777;Makira-Ulawa;202
4778;Malaita;202
4779;Central;202
4780;Guadalcanal;202
4781;Western;202
4782;Rennell and Bellona;202
4783;Burgundy;75
4784;Auvergne;75
4785;Picardy;75
4786;Champagne-Ardenne;75
4787;Limousin;75
4788;Nord-Pas-de-Calais;75
4789;Saint Barthélemy;75
4790;Nouvelle-Aquitaine;75
4791;Île-de-France;75
4792;Mayotte;75
4793;Auvergne-Rhône-Alpes;75
4794;Occitania;75
4795;Alo;75
4796;Lorraine;75
4797;Pays de la Loire;75
4798;Languedoc-Roussillon;75
4799;Normandy;75
4800;Franche-Comté;75
4801;Corsica;75
4802;Brittany;75
4803;Aquitaine;75
4804;Saint Martin;75
4805;Wallis and Futuna;75
4806;Alsace;75
4807;Provence-Alpes-Côte d'Azur;75
4808;Rhône-Alpes;75
4809;Lower Normandy;75
4810;Poitou-Charentes;75
4811;Paris;75
4812;Uvea;75
4813;Centre-Val de Loire;75
4814;Sigave;75
4815;Grand Est;75
4816;Saint Pierre and Miquelon;75
4817;French Guiana;75
4818;Réunion;75
4819;French Polynesia;75
4820;Bourgogne-Franche-Comté;75
4821;Upper Normandy;75
4822;Martinique;75
4823;Hauts-de-France;75
4824;Guadeloupe;75
4825;West New Britain;171
4826;Bougainville;171
4827;Jiwaka;171
4828;Hela;171
4829;East New Britain;171
4830;Morobe;171
4831;Sandaun;171
4832;Port Moresby;171
4833;Oro;171
4834;Gulf;171
4835;Western Highlands;171
4836;New Ireland;171
4837;Manus;171
4838;Madang;171
4839;Southern Highlands;171
4840;Eastern Highlands;171
4841;Chimbu;171
4842;Central;171
4843;Enga;171
4844;Milne Bay;171
4845;Western;171
4846;Ohio;233
4847;Ladakh;101
4848;West Bengal;101
4849;Sinop;225
4850;Capital;239
4851;Apure;239
4852;Jalisco;142
4853;Roraima;31
4854;Guarda;177
4855;Devonshire;25
4856;Hamilton;25
4857;Hamilton;25
4858;Paget;25
4859;Pembroke;25
4860;Saint George's;25
4861;Saint George's;25
4862;Sandys;25
4863;Smith's,;25
4864;Southampton;25
4865;Warwick;25
4866;Huila;48
4867;Uroševac (Ferizaj);248
4868;Đakovica (Gjakove);248
4869;Gjilan;248
4870;Kosovska Mitrovica;248
4871;Pristina (Priştine);248
4872;Autonomous City Of Buenos Aires;11
4873;Bogotá;48
4874;Tai Seng;199
4875;Praga;58
4876;Jiangsu;45
